Time,Engine RPM,Intake Manifold Absolute Pressure,Throttle Position,Coolant Temp,Intake Air Temp,Knock Retard,Wideband AFR,Air-Fuel Ratio Commanded,Barometric Pressure,Fuel Pressure,Injector Pulse Width Avg,Short Term Fuel Trim Bank 1,Long Term Fuel Trim Bank 1
0.0,2501.3677106901273,70.0,50.0,196.0,98.0,0.0,14.7,14.7,101.0,58.0,6.0,3.5,0.0
0.05,2627.4488090290233,74.31669499457749,54.31669499457749,196.0,98.0,0.0,14.7,14.7,101.0,58.0,6.0,3.5,0.0
0.1,2694.9985959920937,78.62447273334269,58.624472733342685,196.0,98.0,0.0,14.7,14.7,101.0,58.0,6.0,3.5,0.0
0.15000000000000002,2698.332351075296,82.91443438139356,62.91443438139356,196.0,98.0,0.0,12.8,12.8,101.0,58.0,6.0,0.0,0.0
0.2,2779.237188151705,87.17771790759551,67.17771790759551,196.0,98.0,0.0,12.8,12.8,101.0,58.0,6.0,0.0,0.0
0.25,2842.0412843202976,91.40551639141061,71.40551639141061,196.0,98.0,0.0,12.8,12.8,101.0,58.0,6.0,0.0,0.0
0.30000000000000004,2957.3692716113646,95.58909621588187,75.58909621588187,196.0,98.0,0.0,12.8,12.8,101.0,58.0,6.0,0.0,0.0
0.35000000000000003,3003.1384141149356,99.71981510918954,79.71981510918954,196.0,98.0,0.0,12.8,12.8,101.0,58.0,6.0,0.0,0.0
0.4,3105.309677833861,103.78913999751055,83.78913999751055,196.0,98.0,0.0,12.8,12.8,101.0,58.0,6.0,0.0,0.0
0.45,3070.743393559127,107.78866463230106,87.78866463230106,196.0,158.0,0.0,12.3,11.6,101.0,44.0,17.0,0.0,0.0
0.5,3275.546982268928,111.71012695558827,91.71012695558827,196.0,158.0,0.0,12.3,11.6,101.0,44.0,17.0,0.0,0.0
0.55,3276.2219569758777,115.54542616739928,95.54542616739928,196.0,158.0,0.0,12.3,11.6,101.0,44.0,17.0,0.0,0.0
0.6000000000000001,3373.334772483293,119.2866394600696,99.2866394600696,196.0,158.0,0.0,12.3,11.6,101.0,44.0,17.0,0.0,0.0
0.65,3405.4458699889124,122.92603838486214,100.0,196.0,158.0,0.0,12.3,11.6,101.0,44.0,17.0,0.0,0.0
0.7000000000000001,3459.1861379485194,126.45610481708749,100.0,196.0,158.0,0.0,12.3,11.6,101.0,44.0,17.0,0.0,0.0
0.75,3554.874875657814,129.8695464867451,100.0,196.0,158.0,0.0,12.3,11.6,101.0,44.0,17.0,0.0,0.0
0.8,3629.798525250799,133.15931204260286,100.0,196.0,158.0,0.0,12.3,11.6,101.0,44.0,17.0,0.0,0.0
0.8500000000000001,3647.561992350589,136.31860561859634,100.0,196.0,158.0,0.0,12.3,11.6,101.0,44.0,17.0,0.0,0.0
0.9,3706.6875928707727,139.34090087245704,100.0,196.0,158.0,0.0,12.3,11.6,101.0,44.0,17.0,0.0,0.0
0.9500000000000001,3795.568977014043,142.2199544675691,100.0,196.0,158.0,0.0,12.3,11.6,101.0,44.0,17.0,0.0,0.0
1.0,3786.793682443377,144.94981897020443,100.0,196.0,158.0,0.0,12.3,11.6,101.0,44.0,17.0,0.0,0.0
1.05,3812.543444109052,147.52485513549317,100.0,196.0,158.0,0.0,12.3,11.6,101.0,44.0,17.0,0.0,0.0
1.1,3938.3985444873774,149.93974355675016,100.0,196.0,158.0,0.0,12.3,11.6,101.0,44.0,17.0,0.0,0.0
1.1500000000000001,3943.1529453689523,152.18949565409253,100.0,196.0,158.0,2.0,12.3,11.6,101.0,44.0,17.0,0.0,0.0
1.2000000000000002,3938.3640110134734,154.26946397964835,100.0,196.0,158.0,2.0,12.3,11.6,101.0,44.0,17.0,0.0,0.0
1.25,4025.576433620132,156.17535181806858,100.0,196.0,158.0,2.0,12.3,11.6,101.0,44.0,17.0,0.0,0.0
1.3,4080.0909687792937,157.9032220625096,100.0,196.0,158.0,2.0,12.3,11.6,101.0,44.0,17.0,0.0,0.0
1.35,4089.358273363475,159.44950534775114,100.0,196.0,158.0,2.0,12.3,11.6,101.0,44.0,17.0,0.0,0.0
1.4000000000000001,4113.257891542406,160.81100742364816,100.0,196.0,158.0,2.0,12.3,11.6,101.0,44.0,17.0,0.0,0.0
1.4500000000000002,4207.817551845859,161.98491575368487,100.0,196.0,158.0,2.0,12.3,11.6,101.0,44.0,17.0,0.0,0.0
1.5,4273.113722645846,162.96880532500018,100.0,196.0,158.0,2.0,12.3,11.6,101.0,44.0,17.0,0.0,0.0
1.55,4256.200642026552,163.7606436578823,100.0,196.0,158.0,2.0,12.3,11.6,101.0,44.0,17.0,0.0,0.0
1.6,4261.472853933814,164.35879500438398,100.0,196.0,158.0,2.0,12.3,11.6,101.0,44.0,17.0,0.0,0.0
1.6500000000000001,4329.657815221351,164.76202372738516,100.0,196.0,158.0,2.0,12.3,11.6,101.0,44.0,17.0,0.0,0.0
1.7000000000000002,4363.305380042574,164.96949685312276,100.0,196.0,158.0,2.0,12.3,11.6,101.0,44.0,17.0,0.0,0.0
1.75,4340.259814322643,164.98078579191443,100.0,196.0,158.0,2.0,12.3,11.6,101.0,44.0,17.0,0.0,0.0
1.8,4388.951548906383,164.79586722352207,100.0,196.0,158.0,2.0,12.3,11.6,101.0,44.0,17.0,0.0,0.0
1.85,4421.022716295676,164.41512314532588,100.0,196.0,158.0,2.0,12.3,11.6,101.0,44.0,17.0,0.0,0.0
1.9000000000000001,4380.392602144921,163.83934008320924,100.0,196.0,158.0,2.0,12.3,11.6,101.0,44.0,17.0,0.0,0.0
1.9500000000000002,4362.699852868441,163.06970746678533,100.0,196.0,158.0,2.0,12.3,11.6,101.0,44.0,17.0,0.0,0.0
2.0,4412.912848868978,162.10781517232076,100.0,196.0,158.0,2.0,12.3,11.6,101.0,44.0,17.0,0.0,0.0
2.0500000000000003,4409.866169536285,160.95565023843284,100.0,196.0,158.0,2.0,12.3,11.6,101.0,44.0,17.0,0.0,0.0
2.1,4442.064113924865,159.61559276134489,100.0,196.0,158.0,2.0,12.3,11.6,101.0,44.0,17.0,0.0,0.0
2.15,4342.068124044626,158.0904109781784,100.0,196.0,158.0,2.0,12.3,11.6,101.0,44.0,17.0,0.0,0.0
2.2,4359.525971717385,156.38325554843976,100.0,196.0,158.0,2.0,12.3,11.6,101.0,44.0,17.0,0.0,0.0
2.25,4342.213361387897,154.4976530455138,100.0,196.0,158.0,2.0,12.3,11.6,101.0,44.0,17.0,0.0,0.0
2.3000000000000003,4293.35457551938,152.4374986716096,100.0,196.0,158.0,2.0,12.3,11.6,101.0,44.0,17.0,0.0,0.0
2.35,4351.992524980754,150.2070482112077,100.0,196.0,158.0,2.0,12.3,11.6,101.0,44.0,17.0,0.0,0.0
2.4000000000000004,4349.535468886022,147.81090923963063,100.0,196.0,158.0,0.0,12.3,11.6,101.0,44.0,17.0,0.0,0.0
2.45,4277.6554219562495,145.25403160489827,100.0,196.0,158.0,0.0,12.3,11.6,101.0,44.0,17.0,0.0,0.0
2.5,4338.743575396591,142.54169720252986,100.0,196.0,158.0,0.0,12.3,11.6,101.0,44.0,17.0,0.0,0.0
2.5500000000000003,4289.6676163475495,139.67950906441547,100.0,196.0,158.0,0.0,12.3,11.6,101.0,44.0,17.0,0.0,0.0
2.6,4252.760170122217,136.673379784297,100.0,196.0,158.0,0.0,12.3,11.6,101.0,44.0,17.0,0.0,0.0
2.6500000000000004,4212.052460132733,133.5295193037685,100.0,196.0,158.0,0.0,12.3,11.6,101.0,44.0,17.0,0.0,0.0
2.7,4200.021481488693,130.25442208402728,100.0,196.0,158.0,0.0,12.3,11.6,101.0,44.0,17.0,0.0,0.0
2.75,4071.8680546098494,126.85485368987585,100.0,196.0,158.0,0.0,12.3,11.6,101.0,44.0,17.0,0.0,0.0
2.8000000000000003,4110.653216170138,123.33783681368894,100.0,196.0,158.0,0.0,12.3,11.6,101.0,44.0,17.0,0.0,0.0
2.85,4068.809878151319,119.71063676821629,99.71063676821629,196.0,158.0,0.0,12.3,11.6,101.0,44.0,17.0,0.0,0.0
2.9000000000000004,3930.3080609651815,115.9807464781905,95.9807464781905,196.0,158.0,0.0,12.3,11.6,101.0,44.0,17.0,0.0,0.0
2.95,3968.995842024016,112.15587100174277,92.15587100174277,196.0,158.0,0.0,12.3,11.6,101.0,44.0,17.0,0.0,0.0
3.0,3897.0433468567635,108.24391161360217,88.24391161360217,196.0,158.0,0.0,12.3,11.6,101.0,44.0,17.0,0.0,0.0
3.0500000000000003,3888.1854779262308,104.25294948295834,84.25294948295834,196.0,98.0,0.0,12.8,12.8,101.0,58.0,6.0,0.0,0.0
3.1,3787.219414504028,100.19122897970563,80.19122897970563,196.0,98.0,0.0,12.8,12.8,101.0,58.0,6.0,0.0,0.0
3.1500000000000004,3749.9796868127073,96.06714064355344,76.06714064355344,196.0,98.0,0.0,12.8,12.8,101.0,58.0,6.0,0.0,0.0
3.2,3708.5008672687713,91.88920385118517,71.88920385118517,196.0,98.0,0.0,12.8,12.8,101.0,58.0,6.0,0.0,0.0
3.25,3602.046606247749,87.66604921727058,67.66604921727058,196.0,98.0,0.0,12.8,12.8,101.0,58.0,6.0,0.0,0.0
3.3000000000000003,3601.6693180319535,83.40640076568738,63.40640076568738,196.0,98.0,0.0,12.8,12.8,101.0,58.0,6.0,0.0,0.0
3.35,3512.5612309731505,79.11905790778175,59.11905790778175,196.0,98.0,0.0,14.7,14.7,101.0,58.0,6.0,3.5,0.0
3.4000000000000004,3473.9894727929827,74.81287726489641,54.812877264896414,196.0,98.0,0.0,14.7,14.7,101.0,58.0,6.0,3.5,0.0
3.45,3369.535579092214,70.4967543727166,50.496754372716595,196.0,98.0,0.0,14.7,14.7,101.0,58.0,6.0,3.5,0.0
3.5,3368.6590417477746,66.17960530522836,46.179605305228364,196.0,98.0,0.0,14.7,14.7,101.0,58.0,6.0,3.5,0.0
3.5500000000000003,3283.000383999634,61.87034825624966,41.87034825624966,196.0,98.0,0.0,14.7,14.7,101.0,58.0,6.0,3.5,0.0
3.6,3184.130293260898,57.57788511658233,37.57788511658233,196.0,98.0,0.0,14.7,14.7,101.0,58.0,6.0,3.5,0.0
3.6500000000000004,3147.9661348836094,53.311083084842366,33.311083084842366,196.0,98.0,0.0,14.7,14.7,101.0,58.0,6.0,3.5,0.0
3.7,3103.5935870803464,49.07875634995558,29.078756349955583,196.0,98.0,0.0,14.7,14.7,101.0,58.0,6.0,3.5,0.0
3.75,3054.5476858720795,44.889647883158915,24.889647883158915,196.0,98.0,0.0,14.7,14.7,101.0,58.0,6.0,3.5,0.0
3.8000000000000003,2848.9406331806313,40.752411377120204,20.752411377120204,196.0,98.0,0.0,14.7,14.7,101.0,58.0,6.0,3.5,0.0
3.85,2875.582762839449,36.675593369486116,16.675593369486116,196.0,98.0,0.0,14.7,14.7,101.0,58.0,6.0,3.5,0.0
3.9000000000000004,2786.730755654283,32.66761558778661,12.667615587786607,196.0,98.0,0.0,14.7,14.7,101.0,58.0,6.0,3.5,0.0
3.95,2691.8475188625243,28.73675755216715,8.736757552167148,196.0,98.0,0.0,14.7,14.7,101.0,58.0,6.0,3.5,0.0
4.0,2582.519971097846,24.89113947188725,4.89113947188725,196.0,98.0,0.0,14.7,14.7,101.0,58.0,6.0,3.5,0.0
4.05,2600.0771169171967,22.0,2.0,196.0,98.0,0.0,14.7,14.7,101.0,58.0,6.0,3.5,0.0
4.1000000000000005,2426.249412387343,22.0,2.0,196.0,98.0,0.0,14.7,14.7,101.0,58.0,6.0,3.5,0.0
4.15,2426.3605457056046,22.0,2.0,196.0,98.0,0.0,14.7,14.7,101.0,58.0,6.0,3.5,0.0
4.2,2382.8637054849946,22.0,2.0,196.0,98.0,0.0,14.7,14.7,101.0,58.0,6.0,3.5,0.0
4.25,2194.1587539714255,22.0,2.0,196.0,98.0,0.0,14.7,14.7,101.0,58.0,6.0,3.5,0.0
4.3,2173.7590805200552,22.0,2.0,196.0,98.0,0.0,14.7,14.7,101.0,58.0,6.0,3.5,0.0
4.3500000000000005,2061.670037247947,22.0,2.0,196.0,98.0,0.0,14.7,14.7,101.0,58.0,6.0,3.5,0.0
4.4,2052.550668353426,22.0,2.0,196.0,98.0,0.0,14.7,14.7,101.0,58.0,6.0,3.5,0.0
4.45,2032.7895683370157,22.0,2.0,196.0,98.0,0.0,14.7,14.7,101.0,58.0,6.0,3.5,0.0
4.5,1983.3635148013927,22.0,2.0,196.0,98.0,0.0,14.7,14.7,101.0,58.0,6.0,3.5,0.0
4.55,1762.3872896743817,22.0,2.0,196.0,98.0,0.0,14.7,14.7,101.0,58.0,6.0,3.5,0.0
4.6000000000000005,1742.5903085727477,22.0,2.0,196.0,98.0,0.0,14.7,14.7,101.0,58.0,6.0,3.5,0.0
4.65,1726.8927479136642,22.0,2.0,196.0,98.0,0.0,14.7,14.7,101.0,58.0,6.0,3.5,0.0
4.7,1696.273659204214,22.0,2.0,196.0,98.0,0.0,14.7,14.7,101.0,58.0,6.0,3.5,0.0
4.75,1585.577228047095,22.0,2.0,196.0,98.0,0.0,14.7,14.7,101.0,58.0,6.0,3.5,0.0
4.800000000000001,1475.8902218261978,22.0,2.0,196.0,98.0,0.0,14.7,14.7,101.0,58.0,6.0,3.5,0.0
4.8500000000000005,1456.0996845533436,22.0,2.0,196.0,98.0,0.0,14.7,14.7,101.0,58.0,6.0,3.5,0.0
4.9,1383.5893990269403,22.0,2.0,196.0,98.0,0.0,14.7,14.7,101.0,58.0,6.0,3.5,0.0
4.95,1317.794589200755,22.0,2.0,196.0,98.0,0.0,14.7,14.7,101.0,58.0,6.0,3.5,0.0
5.0,1239.9919800044593,22.0,2.0,196.0,98.0,0.0,14.7,14.7,101.0,58.0,6.0,3.5,0.0
5.050000000000001,1230.108052990888,22.0,2.0,196.0,98.0,0.0,14.7,14.7,101.0,58.0,6.0,3.5,0.0
5.1000000000000005,1174.0809053877326,22.0,2.0,196.0,98.0,0.0,14.7,14.7,101.0,58.0,6.0,3.5,0.0
5.15,1107.173805292363,22.0,2.0,196.0,98.0,0.0,14.7,14.7,101.0,58.0,6.0,3.5,0.0
5.2,1053.2077413269096,22.0,2.0,196.0,98.0,0.0,14.7,14.7,101.0,58.0,6.0,3.5,0.0
5.25,963.9875300135463,22.0,2.0,196.0,98.0,0.0,14.7,14.7,101.0,58.0,6.0,3.5,0.0
5.300000000000001,951.4420065806495,22.0,2.0,196.0,98.0,0.0,14.7,14.7,101.0,58.0,6.0,3.5,0.0
5.3500000000000005,976.9135801906292,22.0,2.0,196.0,98.0,0.0,14.7,14.7,101.0,58.0,6.0,3.5,0.0
5.4,900.0,22.0,2.0,196.0,98.0,0.0,14.7,14.7,101.0,58.0,6.0,3.5,0.0
5.45,900.0,22.0,2.0,196.0,98.0,0.0,14.7,14.7,101.0,58.0,6.0,3.5,0.0
5.5,900.0,22.0,2.0,196.0,98.0,0.0,14.7,14.7,101.0,58.0,6.0,3.5,0.0
5.550000000000001,900.0,22.0,2.0,196.0,98.0,0.0,14.7,14.7,101.0,58.0,6.0,3.5,0.0
5.6000000000000005,900.0,22.0,2.0,196.0,98.0,0.0,14.7,14.7,101.0,58.0,6.0,3.5,0.0
5.65,900.0,22.0,2.0,196.0,98.0,0.0,14.7,14.7,101.0,58.0,6.0,3.5,0.0
5.7,900.0,22.0,2.0,196.0,98.0,0.0,14.7,14.7,101.0,58.0,6.0,3.5,0.0
5.75,900.0,22.0,2.0,196.0,98.0,0.0,14.7,14.7,101.0,58.0,6.0,3.5,0.0
5.800000000000001,900.0,22.0,2.0,196.0,98.0,0.0,14.7,14.7,101.0,58.0,6.0,3.5,0.0
5.8500000000000005,900.0,22.0,2.0,196.0,98.0,0.0,14.7,14.7,101.0,58.0,6.0,3.5,0.0
5.9,900.0,22.0,2.0,196.0,98.0,0.0,14.7,14.7,101.0,58.0,6.0,3.5,0.0
5.95,900.0,22.0,2.0,196.0,98.0,0.0,14.7,14.7,101.0,58.0,6.0,3.5,0.0
6.0,900.0,22.0,2.0,196.0,98.0,0.0,14.7,14.7,101.0,58.0,6.0,3.5,0.0
6.050000000000001,900.0,22.0,2.0,196.0,98.0,0.0,14.7,14.7,101.0,58.0,6.0,3.5,0.0
6.1000000000000005,900.0,22.0,2.0,196.0,98.0,0.0,14.7,14.7,101.0,58.0,6.0,3.5,0.0
6.15,900.0,22.0,2.0,196.0,98.0,0.0,14.7,14.7,101.0,58.0,6.0,3.5,0.0
6.2,900.0,22.0,2.0,196.0,98.0,0.0,14.7,14.7,101.0,58.0,6.0,3.5,0.0
6.25,900.0,22.0,2.0,196.0,98.0,0.0,14.7,14.7,101.0,58.0,6.0,3.5,0.0
6.300000000000001,900.0,22.0,2.0,196.0,98.0,0.0,14.7,14.7,101.0,58.0,6.0,3.5,0.0
6.3500000000000005,900.0,23.58519044228484,3.5851904422848406,196.0,98.0,0.0,14.7,14.7,101.0,58.0,6.0,3.5,0.0
6.4,900.0,27.3995376014865,7.3995376014865,196.0,98.0,0.0,14.7,14.7,101.0,58.0,6.0,3.5,0.0
6.45,900.0,31.301887091500667,11.301887091500667,196.0,98.0,0.0,14.7,14.7,101.0,58.0,6.0,3.5,0.0
6.5,900.0,35.28417759488088,15.28417759488088,196.0,98.0,0.0,14.7,14.7,101.0,58.0,6.0,3.5,0.0
6.550000000000001,900.0,39.338182655233354,19.338182655233354,196.0,98.0,0.0,14.7,14.7,101.0,58.0,6.0,3.5,0.0
6.6000000000000005,900.0,43.45552767110205,23.455527671102047,196.0,98.0,0.0,14.7,14.7,101.0,58.0,6.0,3.5,0.0
6.65,900.0,47.62770719588477,27.627707195884767,196.0,98.0,0.0,14.7,14.7,101.0,58.0,6.0,3.5,0.0
6.7,900.0,51.84610250804469,31.846102508044687,196.0,98.0,0.0,14.7,14.7,101.0,58.0,6.0,3.5,0.0
6.75,900.0,56.10199941532072,36.10199941532072,196.0,98.0,0.0,14.7,14.7,101.0,58.0,6.0,3.5,0.0
6.800000000000001,902.5077158875897,60.38660625615667,40.38660625615667,196.0,98.0,0.0,14.7,14.7,101.0,58.0,6.0,3.5,0.0
6.8500000000000005,919.5102484569292,64.69107206116456,44.69107206116456,196.0,98.0,0.0,14.7,14.7,101.0,58.0,6.0,3.5,0.0
6.9,967.5206120541903,69.00650483710248,49.00650483710248,196.0,98.0,0.0,14.7,14.7,101.0,58.0,6.0,3.5,0.0
6.95,964.5060482803366,73.32398993559907,53.32398993559907,196.0,98.0,0.0,14.7,14.7,101.0,58.0,6.0,3.5,0.0
7.0,985.4379917080856,77.63460846867676,57.63460846867676,196.0,98.0,0.0,14.7,14.7,101.0,58.0,6.0,3.5,0.0
7.050000000000001,1030.7024315334413,81.9294557330345,61.9294557330345,196.0,98.0,0.0,12.8,12.8,101.0,58.0,6.0,0.0,0.0
7.1000000000000005,1089.1683759249404,86.1996596050268,66.1996596050268,196.0,98.0,0.0,12.8,12.8,101.0,58.0,6.0,0.0,0.0
7.15,1114.280216855731,90.43639886834248,70.43639886834248,196.0,98.0,0.0,12.8,12.8,101.0,58.0,6.0,0.0,0.0
7.2,1190.3416691094862,94.63092143651983,74.63092143651983,196.0,98.0,0.0,12.8,12.8,101.0,58.0,6.0,0.0,0.0
7.25,1263.2074177732884,98.77456243265691,78.77456243265691,196.0,98.0,0.0,12.8,12.8,101.0,58.0,6.0,0.0,0.0
7.300000000000001,1333.4692980713103,102.85876208896781,82.85876208896781,196.0,98.0,0.0,12.8,12.8,101.0,58.0,6.0,0.0,0.0
7.3500000000000005,1368.0841390010225,106.87508342920792,86.87508342920792,196.0,158.0,0.0,12.3,11.6,101.0,44.0,17.0,0.0,0.0
7.4,1364.5815818718527,110.8152296974425,90.8152296974425,196.0,158.0,0.0,12.3,11.6,101.0,44.0,17.0,0.0,0.0
7.45,1500.0922969126675,114.67106149715258,94.67106149715258,196.0,158.0,0.0,12.3,11.6,101.0,44.0,17.0,0.0,0.0
7.5,1574.926859644532,118.43461360527519,98.43461360527519,196.0,158.0,0.0,12.3,11.6,101.0,44.0,17.0,0.0,0.0
7.550000000000001,1673.6030801511074,122.0981114264419,100.0,196.0,158.0,0.0,12.3,11.6,101.0,44.0,17.0,0.0,0.0
7.6000000000000005,1718.9361325931113,125.65398705342756,100.0,196.0,158.0,0.0,12.3,11.6,101.0,44.0,17.0,0.0,0.0
7.65,1736.8661361365814,129.09489490062944,100.0,196.0,158.0,0.0,12.3,11.6,101.0,44.0,17.0,0.0,0.0
7.7,1801.5351692629156,132.41372687828496,100.0,196.0,158.0,0.0,12.3,11.6,101.0,44.0,17.0,0.0,0.0
7.75,1979.7780835458516,135.60362707607837,100.0,196.0,158.0,0.0,12.3,11.6,101.0,44.0,17.0,0.0,0.0
7.800000000000001,1999.3760715827304,138.65800592580638,100.0,196.0,158.0,0.0,12.3,11.6,101.0,44.0,17.0,0.0,0.0
7.8500000000000005,2112.9097597135024,141.57055381384453,100.0,196.0,158.0,0.0,12.3,11.6,101.0,44.0,17.0,0.0,0.0
7.9,2196.0524654095766,144.33525411529436,100.0,196.0,158.0,0.0,12.3,11.6,101.0,44.0,17.0,0.0,0.0
7.95,2149.949413062115,146.94639562288666,100.0,196.0,158.0,0.0,12.3,11.6,101.0,44.0,17.0,0.0,0.0
8.0,2270.350968513079,149.3985843449646,100.0,196.0,158.0,0.0,12.3,11.6,101.0,44.0,17.0,0.0,0.0
8.05,2345.896783126977,151.6867546481763,100.0,196.0,158.0,2.0,12.3,11.6,101.0,44.0,17.0,0.0,0.0
8.1,2422.839540777254,153.80617972185723,100.0,196.0,158.0,2.0,12.3,11.6,101.0,44.0,17.0,0.0,0.0
8.15,2495.1633273959096,155.75248134248667,100.0,196.0,158.0,2.0,12.3,11.6,101.0,44.0,17.0,0.0,0.0
8.200000000000001,2554.6408256579184,157.52163891804665,100.0,196.0,158.0,2.0,12.3,11.6,101.0,44.0,17.0,0.0,0.0
8.25,2626.526346510127,159.1099977936002,100.0,196.0,158.0,2.0,12.3,11.6,101.0,44.0,17.0,0.0,0.0
8.3,2632.286871810866,160.51427680093116,100.0,196.0,158.0,2.0,12.3,11.6,101.0,44.0,17.0,0.0,0.0
8.35,2758.3119539626464,161.73157503665016,100.0,196.0,158.0,2.0,12.3,11.6,101.0,44.0,17.0,0.0,0.0
8.4,2807.1724880667534,162.75937785476515,100.0,196.0,158.0,2.0,12.3,11.6,101.0,44.0,17.0,0.0,0.0
8.450000000000001,2913.771469591107,163.59556206133587,100.0,196.0,158.0,2.0,12.3,11.6,101.0,44.0,17.0,0.0,0.0
8.5,2961.0722755694815,164.23840030048356,100.0,196.0,158.0,2.0,12.3,11.6,101.0,44.0,17.0,0.0,0.0
8.55,3074.8514670717423,164.68656462269317,100.0,196.0,158.0,2.0,12.3,11.6,101.0,44.0,17.0,0.0,0.0
8.6,3152.3965036461827,164.9391292280386,100.0,196.0,158.0,2.0,12.3,11.6,101.0,44.0,17.0,0.0,0.0
8.65,3200.587503515827,164.99557237866304,100.0,196.0,158.0,2.0,12.3,11.6,101.0,44.0,17.0,0.0,0.0
8.700000000000001,3268.4748876184176,164.85577747656413,100.0,196.0,158.0,2.0,12.3,11.6,101.0,44.0,17.0,0.0,0.0
8.75,3326.016431001952,164.52003330445757,100.0,196.0,158.0,2.0,12.3,11.6,101.0,44.0,17.0,0.0,0.0
8.8,3369.640781595653,163.98903342922125,100.0,196.0,158.0,2.0,12.3,11.6,101.0,44.0,17.0,0.0,0.0
8.85,3444.9139945224824,163.2638747691526,100.0,196.0,158.0,2.0,12.3,11.6,101.0,44.0,17.0,0.0,0.0
8.9,3494.2021882717095,162.34605532799844,100.0,196.0,158.0,2.0,12.3,11.6,101.0,44.0,17.0,0.0,0.0
8.950000000000001,3590.58164532358,161.23747110043925,100.0,196.0,158.0,2.0,12.3,11.6,101.0,44.0,17.0,0.0,0.0
9.0,3635.0706929829507,159.94041215541864,100.0,196.0,158.0,2.0,12.3,11.6,101.0,44.0,17.0,0.0,0.0
9.05,3715.5237443363485,158.45755790541105,100.0,196.0,158.0,2.0,12.3,11.6,101.0,44.0,17.0,0.0,0.0
9.1,3695.128605101775,156.79197157139816,100.0,196.0,158.0,2.0,12.3,11.6,101.0,44.0,17.0,0.0,0.0
9.15,3837.9418035306935,154.94709385499021,100.0,196.0,158.0,2.0,12.3,11.6,101.0,44.0,17.0,0.0,0.0
9.200000000000001,3824.152470692663,152.92673583076163,100.0,196.0,158.0,2.0,12.3,11.6,101.0,44.0,17.0,0.0,0.0
9.25,3875.5150181244885,150.7350710734859,100.0,196.0,158.0,2.0,12.3,11.6,101.0,44.0,17.0,0.0,0.0
9.3,3945.136593589536,148.37662703653177,100.0,196.0,158.0,0.0,12.3,11.6,101.0,44.0,17.0,0.0,0.0
9.35,3976.4977428001202,145.85627569923156,100.0,196.0,158.0,0.0,12.3,11.6,101.0,44.0,17.0,0.0,0.0
9.4,4054.459716177815,143.17922350254054,100.0,196.0,158.0,0.0,12.3,11.6,101.0,44.0,17.0,0.0,0.0
9.450000000000001,4061.3477104000804,140.35100059377976,100.0,196.0,158.0,0.0,12.3,11.6,101.0,44.0,17.0,0.0,0.0
9.5,4080.691421227968,137.3774494026795,100.0,196.0,158.0,0.0,12.3,11.6,101.0,44.0,17.0,0.0,0.0
9.55,4126.393345127942,134.26471257232078,100.0,196.0,158.0,0.0,12.3,11.6,101.0,44.0,17.0,0.0,0.0
9.600000000000001,4247.004072610293,131.01922026990968,100.0,196.0,158.0,0.0,12.3,11.6,101.0,44.0,17.0,0.0,0.0
9.65,4228.08797047509,127.64767690359486,100.0,196.0,158.0,0.0,12.3,11.6,101.0,44.0,17.0,0.0,0.0
9.700000000000001,4208.855914138944,124.15704727276992,100.0,196.0,158.0,0.0,12.3,11.6,101.0,44.0,17.0,0.0,0.0
9.75,4282.535051999101,120.55454218046887,100.0,196.0,158.0,0.0,12.3,11.6,101.0,44.0,17.0,0.0,0.0
9.8,4243.968864134596,116.84760353757801,96.84760353757801,196.0,158.0,0.0,12.3,11.6,101.0,44.0,17.0,0.0,0.0
9.850000000000001,4399.124573819906,113.04388898963406,93.04388898963406,196.0,158.0,0.0,12.3,11.6,101.0,44.0,17.0,0.0,0.0
9.9,4285.19484475232,109.15125609796688,89.15125609796688,196.0,158.0,0.0,12.3,11.6,101.0,44.0,17.0,0.0,0.0
9.950000000000001,4381.225449076578,105.17774610786282,85.17774610786282,196.0,158.0,0.0,12.3,11.6,101.0,44.0,17.0,0.0,0.0
10.0,4396.967527417292,101.13156733728232,81.13156733728232,196.0,98.0,0.0,12.8,12.8,101.0,58.0,6.0,0.0,0.0
10.05,4327.595694808144,97.02107822044563,77.02107822044563,196.0,98.0,0.0,12.8,12.8,101.0,58.0,6.0,0.0,0.0
10.100000000000001,4405.191570449923,92.85477004131278,72.85477004131278,196.0,98.0,0.0,12.8,12.8,101.0,58.0,6.0,0.0,0.0
10.15,4437.851678407077,88.64124939262956,68.64124939262956,196.0,98.0,0.0,12.8,12.8,101.0,58.0,6.0,0.0,0.0
10.200000000000001,4418.6448011786515,84.38922039677229,64.38922039677229,196.0,98.0,0.0,12.8,12.8,101.0,58.0,6.0,0.0,0.0
10.25,4409.549215334441,80.10746672512069,60.10746672512069,196.0,98.0,0.0,12.8,12.8,101.0,58.0,6.0,0.0,0.0
10.3,4433.430220357657,75.80483345309995,55.804833453099945,196.0,98.0,0.0,14.7,14.7,101.0,58.0,6.0,3.5,0.0
10.350000000000001,4395.4567251103945,71.49020878837851,51.49020878837851,196.0,98.0,0.0,14.7,14.7,101.0,58.0,6.0,3.5,0.0
10.4,4393.237680107508,67.17250570996394,47.17250570996394,196.0,98.0,0.0,14.7,14.7,101.0,58.0,6.0,3.5,0.0
10.450000000000001,4362.691934297213,62.86064355612812,42.86064355612812,196.0,98.0,0.0,14.7,14.7,101.0,58.0,6.0,3.5,0.0
10.5,4378.249734188102,58.563529599194126,38.563529599194126,196.0,98.0,0.0,14.7,14.7,101.0,58.0,6.0,3.5,0.0
10.55,4297.7984951539875,54.29004064524997,34.29004064524997,196.0,98.0,0.0,14.7,14.7,101.0,58.0,6.0,3.5,0.0
10.600000000000001,4346.885913554562,50.049004696798164,30.049004696798164,196.0,98.0,0.0,14.7,14.7,101.0,58.0,6.0,3.5,0.0
10.65,4272.079945150496,45.849182716220426,25.849182716220426,196.0,98.0,0.0,14.7,14.7,101.0,58.0,6.0,3.5,0.0
10.700000000000001,4223.09150216888,41.699250527732715,21.699250527732715,196.0,98.0,0.0,14.7,14.7,101.0,58.0,6.0,3.5,0.0
10.75,4253.140060442245,37.60778089521441,17.60778089521441,196.0,98.0,0.0,14.7,14.7,101.0,58.0,6.0,3.5,0.0
10.8,4275.489316319972,33.58322581293628,13.583225812936277,196.0,98.0,0.0,14.7,14.7,101.0,58.0,6.0,3.5,0.0
10.850000000000001,4212.953237580095,29.633899045767905,9.633899045767905,196.0,98.0,0.0,14.7,14.7,101.0,58.0,6.0,3.5,0.0
10.9,4118.098385753788,25.767958954935516,5.767958954935516,196.0,98.0,0.0,14.7,14.7,101.0,58.0,6.0,3.5,0.0
10.950000000000001,4128.461185809971,22.0,2.0,196.0,98.0,0.0,14.7,14.7,101.0,58.0,6.0,3.5,0.0
11.0,4041.8174851251665,22.0,2.0,196.0,98.0,0.0,14.7,14.7,101.0,58.0,6.0,3.5,0.0
11.05,4012.164735739179,22.0,2.0,196.0,98.0,0.0,14.7,14.7,101.0,58.0,6.0,3.5,0.0
11.100000000000001,3975.602325918791,22.0,2.0,196.0,98.0,0.0,14.7,14.7,101.0,58.0,6.0,3.5,0.0
11.15,3832.0508520080803,22.0,2.0,196.0,98.0,0.0,14.7,14.7,101.0,58.0,6.0,3.5,0.0
11.200000000000001,3883.0152226947694,22.0,2.0,196.0,98.0,0.0,14.7,14.7,101.0,58.0,6.0,3.5,0.0
11.25,3782.7430242987507,22.0,2.0,196.0,98.0,0.0,14.7,14.7,101.0,58.0,6.0,3.5,0.0
11.3,3742.649976060456,22.0,2.0,196.0,98.0,0.0,14.7,14.7,101.0,58.0,6.0,3.5,0.0
11.350000000000001,3656.3095588004076,22.0,2.0,196.0,98.0,0.0,14.7,14.7,101.0,58.0,6.0,3.5,0.0
11.4,3597.5645636053246,22.0,2.0,196.0,98.0,0.0,14.7,14.7,101.0,58.0,6.0,3.5,0.0
11.450000000000001,3561.72489121502,22.0,2.0,196.0,98.0,0.0,14.7,14.7,101.0,58.0,6.0,3.5,0.0
11.5,3572.0817210403075,22.0,2.0,196.0,98.0,0.0,14.7,14.7,101.0,58.0,6.0,3.5,0.0
11.55,3543.764966788078,22.0,2.0,196.0,98.0,0.0,14.7,14.7,101.0,58.0,6.0,3.5,0.0
11.600000000000001,3412.7353218999074,22.0,2.0,196.0,98.0,0.0,14.7,14.7,101.0,58.0,6.0,3.5,0.0
11.65,3392.6838515482386,22.0,2.0,196.0,98.0,0.0,14.7,14.7,101.0,58.0,6.0,3.5,0.0
11.700000000000001,3272.4658960841903,22.0,2.0,196.0,98.0,0.0,14.7,14.7,101.0,58.0,6.0,3.5,0.0
11.75,3139.4009383189605,22.0,2.0,196.0,98.0,0.0,14.7,14.7,101.0,58.0,6.0,3.5,0.0
11.8,3153.6723819801196,22.0,2.0,196.0,98.0,0.0,14.7,14.7,101.0,58.0,6.0,3.5,0.0
11.850000000000001,3096.33953182315,22.0,2.0,196.0,98.0,0.0,14.7,14.7,101.0,58.0,6.0,3.5,0.0
11.9,2991.35113920581,22.0,2.0,196.0,98.0,0.0,14.7,14.7,101.0,58.0,6.0,3.5,0.0
11.950000000000001,2949.814850863158,22.0,2.0,196.0,98.0,0.0,14.7,14.7,101.0,58.0,6.0,3.5,0.0
12.0,2889.210767823187,22.0,2.0,196.0,98.0,0.0,14.7,14.7,101.0,58.0,6.0,3.5,0.0
12.05,2759.813041927917,22.0,2.0,196.0,98.0,0.0,14.7,14.7,101.0,58.0,6.0,3.5,0.0
12.100000000000001,2662.881433094919,22.0,2.0,196.0,98.0,0.0,14.7,14.7,101.0,58.0,6.0,3.5,0.0
12.15,2640.3817877228075,22.0,2.0,196.0,98.0,0.0,14.7,14.7,101.0,58.0,6.0,3.5,0.0
12.200000000000001,2567.845959948102,22.0,2.0,196.0,98.0,0.0,14.7,14.7,101.0,58.0,6.0,3.5,0.0
12.25,2489.1254415028166,22.0,2.0,196.0,98.0,0.0,14.7,14.7,101.0,58.0,6.0,3.5,0.0
12.3,2469.6606482357565,22.0,2.0,196.0,98.0,0.0,14.7,14.7,101.0,58.0,6.0,3.5,0.0
12.350000000000001,2426.23642269894,22.0,2.0,196.0,98.0,0.0,14.7,14.7,101.0,58.0,6.0,3.5,0.0
12.4,2267.800280928375,22.0,2.0,196.0,98.0,0.0,14.7,14.7,101.0,58.0,6.0,3.5,0.0
12.450000000000001,2239.9937180359543,22.0,2.0,196.0,98.0,0.0,14.7,14.7,101.0,58.0,6.0,3.5,0.0
12.5,2177.673509098886,22.0,2.0,196.0,98.0,0.0,14.7,14.7,101.0,58.0,6.0,3.5,0.0
12.55,2097.092961164863,22.0,2.0,196.0,98.0,0.0,14.7,14.7,101.0,58.0,6.0,3.5,0.0
12.600000000000001,2039.6347318621004,22.0,2.0,196.0,98.0,0.0,14.7,14.7,101.0,58.0,6.0,3.5,0.0
12.65,1912.0770011643726,22.0,2.0,196.0,98.0,0.0,14.7,14.7,101.0,58.0,6.0,3.5,0.0
12.700000000000001,1887.9970659573848,22.0,2.0,196.0,98.0,0.0,14.7,14.7,101.0,58.0,6.0,3.5,0.0
12.75,1871.0911289363335,22.0,2.0,196.0,98.0,0.0,14.7,14.7,101.0,58.0,6.0,3.5,0.0
12.8,1755.0155147518833,22.0,2.0,196.0,98.0,0.0,14.7,14.7,101.0,58.0,6.0,3.5,0.0
12.850000000000001,1631.9796470156775,22.0,2.0,196.0,98.0,0.0,14.7,14.7,101.0,58.0,6.0,3.5,0.0
12.9,1616.2376148419019,22.0,2.0,196.0,98.0,0.0,14.7,14.7,101.0,58.0,6.0,3.5,0.0
12.950000000000001,1578.9211826044875,22.0,2.0,196.0,98.0,0.0,14.7,14.7,101.0,58.0,6.0,3.5,0.0
13.0,1481.1193407657825,22.0,2.0,196.0,98.0,0.0,14.7,14.7,101.0,58.0,6.0,3.5,0.0
13.05,1383.286644773109,22.0,2.0,196.0,98.0,0.0,14.7,14.7,101.0,58.0,6.0,3.5,0.0
13.100000000000001,1408.6270852397904,22.0,2.0,196.0,98.0,0.0,14.7,14.7,101.0,58.0,6.0,3.5,0.0
13.15,1239.6999226081862,22.0,2.0,196.0,98.0,0.0,14.7,14.7,101.0,58.0,6.0,3.5,0.0
13.200000000000001,1254.4045267038198,22.0,2.0,196.0,98.0,0.0,14.7,14.7,101.0,58.0,6.0,3.5,0.0
13.25,1180.0695767387153,22.7208834159159,2.7208834159158997,196.0,98.0,0.0,14.7,14.7,101.0,58.0,6.0,3.5,0.0
13.3,1081.3704076829379,26.51386134931321,6.51386134931321,196.0,98.0,0.0,14.7,14.7,101.0,58.0,6.0,3.5,0.0
13.350000000000001,1128.323144404209,30.396671208089494,10.396671208089494,196.0,98.0,0.0,14.7,14.7,101.0,58.0,6.0,3.5,0.0
13.4,1045.9897867215057,34.36129203898674,14.36129203898674,196.0,98.0,0.0,14.7,14.7,101.0,58.0,6.0,3.5,0.0
13.450000000000001,940.1027018739982,38.39953388691377,18.399533886913773,196.0,98.0,0.0,14.7,14.7,101.0,58.0,6.0,3.5,0.0
13.5,967.7823323390429,42.50305471342813,22.503054713428128,196.0,98.0,0.0,14.7,14.7,101.0,58.0,6.0,3.5,0.0
13.55,900.0,46.66337762938463,26.663377629384627,196.0,98.0,0.0,14.7,14.7,101.0,58.0,6.0,3.5,0.0
13.600000000000001,900.0,50.87190840615484,30.871908406154837,196.0,98.0,0.0,14.7,14.7,101.0,58.0,6.0,3.5,0.0
13.65,900.0,55.11995322924004,35.11995322924004,196.0,98.0,0.0,14.7,14.7,101.0,58.0,6.0,3.5,0.0
13.700000000000001,900.0,59.398736657605724,39.398736657605724,196.0,98.0,0.0,14.7,14.7,101.0,58.0,6.0,3.5,0.0
13.75,900.0,63.699419751635936,43.699419751635936,196.0,98.0,0.0,14.7,14.7,101.0,58.0,6.0,3.5,0.0
13.8,900.0,68.01311833226207,48.01311833226207,196.0,98.0,0.0,14.7,14.7,101.0,58.0,6.0,3.5,0.0
13.850000000000001,900.0,72.33092133354403,52.330921333544026,196.0,98.0,0.0,14.7,14.7,101.0,58.0,6.0,3.5,0.0
13.9,900.0,76.64390921079328,56.64390921079328,196.0,98.0,0.0,14.7,14.7,101.0,58.0,6.0,3.5,0.0
13.950000000000001,900.0,80.94317236621235,60.94317236621235,196.0,98.0,0.0,12.8,12.8,101.0,58.0,6.0,0.0,0.0
14.0,900.0,85.21982955398484,65.21982955398484,196.0,98.0,0.0,12.8,12.8,101.0,58.0,6.0,0.0,0.0
14.05,900.0,89.46504622679801,69.46504622679801,196.0,98.0,0.0,12.8,12.8,101.0,58.0,6.0,0.0,0.0
14.100000000000001,900.0,93.67005278589656,73.67005278589656,196.0,98.0,0.0,12.8,12.8,101.0,58.0,6.0,0.0,0.0
14.15,900.0,97.8261626969698,77.8261626969698,196.0,98.0,0.0,12.8,12.8,101.0,58.0,6.0,0.0,0.0
14.200000000000001,900.0,101.92479043444605,81.92479043444605,196.0,98.0,0.0,12.8,12.8,101.0,58.0,6.0,0.0,0.0
14.25,900.0,105.95746921712819,85.95746921712819,196.0,158.0,0.0,12.3,11.6,101.0,44.0,17.0,0.0,0.0
14.3,900.0,109.91586849853088,89.91586849853088,196.0,158.0,0.0,12.3,11.6,101.0,44.0,17.0,0.0,0.0
14.350000000000001,900.0,113.79181117579114,93.79181117579114,196.0,158.0,0.0,12.3,11.6,101.0,44.0,17.0,0.0,0.0
14.4,900.0,117.57729048159977,97.57729048159977,196.0,158.0,0.0,12.3,11.6,101.0,44.0,17.0,0.0,0.0
14.450000000000001,900.0,121.26448652426055,100.0,196.0,158.0,0.0,12.3,11.6,101.0,44.0,17.0,0.0,0.0
14.5,900.0,124.8457824417104,100.0,196.0,158.0,0.0,12.3,11.6,101.0,44.0,17.0,0.0,0.0
14.55,900.0,128.31378013612786,100.0,196.0,158.0,0.0,12.3,11.6,101.0,44.0,17.0,0.0,0.0
14.600000000000001,900.0,131.66131555662773,100.0,196.0,158.0,0.0,12.3,11.6,101.0,44.0,17.0,0.0,0.0
14.65,900.0,134.88147349847029,100.0,196.0,158.0,0.0,12.3,11.6,101.0,44.0,17.0,0.0,0.0
14.700000000000001,900.0,137.9676018882153,100.0,196.0,158.0,0.0,12.3,11.6,101.0,44.0,17.0,0.0,0.0
14.75,900.0,140.91332552530884,100.0,196.0,158.0,0.0,12.3,11.6,101.0,44.0,17.0,0.0,0.0
14.8,900.0,143.71255925171744,100.0,196.0,158.0,0.0,12.3,11.6,101.0,44.0,17.0,0.0,0.0
14.850000000000001,900.0,146.359520522404,100.0,196.0,158.0,0.0,12.3,11.6,101.0,44.0,17.0,0.0,0.0
14.9,900.0,148.84874135067844,100.0,196.0,158.0,0.0,12.3,11.6,101.0,44.0,17.0,0.0,0.0
14.950000000000001,900.0,151.17507960374553,100.0,196.0,158.0,2.0,12.3,11.6,101.0,44.0,17.0,0.0,0.0
15.0,900.0,153.3337296251168,100.0,196.0,158.0,2.0,12.3,11.6,101.0,44.0,17.0,0.0,0.0
15.05,900.0,155.32023216194412,100.0,196.0,158.0,2.0,12.3,11.6,101.0,44.0,17.0,0.0,0.0
15.100000000000001,969.3201923595968,157.1304835767652,100.0,196.0,158.0,2.0,12.3,11.6,101.0,44.0,17.0,0.0,0.0
15.15,1141.9465689774001,158.76074432463412,100.0,196.0,158.0,2.0,12.3,11.6,101.0,44.0,17.0,0.0,0.0
15.200000000000001,991.6625386863163,160.20764667812318,100.0,196.0,158.0,2.0,12.3,11.6,101.0,44.0,17.0,0.0,0.0
15.25,1104.2785985217852,161.46820168424006,100.0,196.0,158.0,2.0,12.3,11.6,101.0,44.0,17.0,0.0,0.0
15.3,1128.3863521531125,162.53980533888688,100.0,196.0,158.0,2.0,12.3,11.6,101.0,44.0,17.0,0.0,0.0
15.350000000000001,1200.5749495916702,163.42024396610793,100.0,196.0,158.0,2.0,12.3,11.6,101.0,44.0,17.0,0.0,0.0
15.4,1174.387152777975,164.1076987910127,100.0,196.0,158.0,2.0,12.3,11.6,101.0,44.0,17.0,0.0,0.0
15.450000000000001,1256.6615648704474,164.60074969692835,100.0,196.0,158.0,2.0,12.3,11.6,101.0,44.0,17.0,0.0,0.0
15.5,1378.7016805451726,164.8983781590201,100.0,196.0,158.0,2.0,12.3,11.6,101.0,44.0,17.0,0.0,0.0
15.55,1418.07765340181,164.9999693483188,100.0,196.0,158.0,2.0,12.3,11.6,101.0,44.0,17.0,0.0,0.0
15.600000000000001,1545.920983022813,164.9053134018102,100.0,196.0,158.0,2.0,12.3,11.6,101.0,44.0,17.0,0.0,0.0
15.65,1514.724574975143,164.61460585596143,100.0,196.0,158.0,2.0,12.3,11.6,101.0,44.0,17.0,0.0,0.0
15.700000000000001,1613.7170961331037,164.1284472427898,100.0,196.0,158.0,2.0,12.3,11.6,101.0,44.0,17.0,0.0,0.0
15.75,1788.4038494436334,163.44784184930757,100.0,196.0,158.0,2.0,12.3,11.6,101.0,44.0,17.0,0.0,0.0
15.8,1707.6232902513389,162.5741956429061,100.0,196.0,158.0,2.0,12.3,11.6,101.0,44.0,17.0,0.0,0.0
15.850000000000001,1769.5858808324467,161.5093133669647,100.0,196.0,158.0,2.0,12.3,11.6,101.0,44.0,17.0,0.0,0.0
15.9,1872.8543764285084,160.25539481268387,100.0,196.0,158.0,2.0,12.3,11.6,101.0,44.0,17.0,0.0,0.0
15.950000000000001,1941.9229693295638,158.8150302748449,100.0,196.0,158.0,2.0,12.3,11.6,101.0,44.0,17.0,0.0,0.0
16.0,2047.7408837994624,157.19119520088213,100.0,196.0,158.0,2.0,12.3,11.6,101.0,44.0,17.0,0.0,0.0
16.05,2090.144828079478,155.38724404432298,100.0,196.0,158.0,2.0,12.3,11.6,101.0,44.0,17.0,0.0,0.0
16.1,2126.29370741317,153.40690333529216,100.0,196.0,158.0,2.0,12.3,11.6,101.0,44.0,17.0,0.0,0.0
16.150000000000002,2237.1296085788863,151.2542639823945,100.0,196.0,158.0,2.0,12.3,11.6,101.0,44.0,17.0,0.0,0.0
16.2,2406.7274053976594,148.9337728218798,100.0,196.0,158.0,0.0,12.3,11.6,101.0,44.0,17.0,0.0,0.0
16.25,2424.8593419943595,146.45022343154642,100.0,196.0,158.0,0.0,12.3,11.6,101.0,44.0,17.0,0.0,0.0
16.3,2335.692874787533,143.80874622836023,100.0,196.0,158.0,0.0,12.3,11.6,101.0,44.0,17.0,0.0,0.0
16.35,2514.3686302261685,141.01479787024414,100.0,196.0,158.0,0.0,12.3,11.6,101.0,44.0,17.0,0.0,0.0
16.400000000000002,2558.085698087532,138.0741499839327,100.0,196.0,158.0,0.0,12.3,11.6,101.0,44.0,17.0,0.0,0.0
16.45,2690.8821426190275,134.9928772421764,100.0,196.0,158.0,0.0,12.3,11.6,101.0,44.0,17.0,0.0,0.0
16.5,2731.717906397222,131.7773448149261,100.0,196.0,158.0,0.0,12.3,11.6,101.0,44.0,17.0,0.0,0.0
16.55,2888.260092393717,128.43419522041907,100.0,196.0,158.0,0.0,12.3,11.6,101.0,44.0,17.0,0.0,0.0
16.6,2920.045570018344,124.97033460333077,100.0,196.0,158.0,0.0,12.3,11.6,101.0,44.0,17.0,0.0,0.0
16.650000000000002,2989.6899514838724,121.39291846833794,100.0,196.0,158.0,0.0,12.3,11.6,101.0,44.0,17.0,0.0,0.0
16.7,3032.1427424408243,117.70933689856261,97.70933689856261,196.0,158.0,0.0,12.3,11.6,101.0,44.0,17.0,0.0,0.0
16.75,3092.8980001384166,113.92719928943445,93.92719928943445,196.0,158.0,0.0,12.3,11.6,101.0,44.0,17.0,0.0,0.0
16.8,3177.067765541012,110.05431862950599,90.05431862950599,196.0,158.0,0.0,12.3,11.6,101.0,44.0,17.0,0.0,0.0
16.85,3283.241092594673,106.09869536069395,86.09869536069395,196.0,158.0,0.0,12.3,11.6,101.0,44.0,17.0,0.0,0.0
16.900000000000002,3319.6929607655293,102.06850085128559,82.06850085128559,196.0,98.0,0.0,12.8,12.8,101.0,58.0,6.0,0.0,0.0
16.95,3349.978739087383,97.9720605158536,77.9720605158536,196.0,98.0,0.0,12.8,12.8,101.0,58.0,6.0,0.0,0.0
17.0,3479.4561152904894,93.81783661694745,73.81783661694745,196.0,98.0,0.0,12.8,12.8,101.0,58.0,6.0,0.0,0.0
17.05,3499.192549465018,89.61441078409068,69.61441078409068,196.0,98.0,0.0,12.8,12.8,101.0,58.0,6.0,0.0,0.0
17.1,3549.9923907057364,85.37046628619295,65.37046628619295,196.0,98.0,0.0,12.8,12.8,101.0,58.0,6.0,0.0,0.0
17.150000000000002,3581.47313448258,81.09477009400105,61.09477009400105,196.0,98.0,0.0,12.8,12.8,101.0,58.0,6.0,0.0,0.0
17.2,3648.873295371964,76.79615476964196,56.79615476964196,196.0,98.0,0.0,14.7,14.7,101.0,58.0,6.0,3.5,0.0
17.25,3702.7230998912028,72.48350022066843,52.48350022066843,196.0,98.0,0.0,14.7,14.7,101.0,58.0,6.0,3.5,0.0
17.3,3671.306081207342,68.1657153563019,48.1657153563019,196.0,98.0,0.0,14.7,14.7,101.0,58.0,6.0,3.5,0.0
17.35,3876.61191654691,63.8517196837639,43.8517196837639,196.0,98.0,0.0,14.7,14.7,101.0,58.0,6.0,3.5,0.0
17.400000000000002,3909.55887610252,59.55042488271559,39.55042488271559,196.0,98.0,0.0,14.7,14.7,101.0,58.0,6.0,3.5,0.0
17.45,3927.239280473164,55.27071639586546,35.27071639586546,196.0,98.0,0.0,14.7,14.7,101.0,58.0,6.0,3.5,0.0
17.5,4024.4360668585027,51.02143507377796,31.02143507377796,196.0,98.0,0.0,14.7,14.7,101.0,58.0,6.0,3.5,0.0
17.55,4044.7099216294155,46.81135891179774,26.81135891179774,196.0,98.0,0.0,14.7,14.7,101.0,58.0,6.0,3.5,0.0
17.6,4084.387923802907,42.6491849168188,22.649184916818797,196.0,98.0,0.0,14.7,14.7,101.0,58.0,6.0,3.5,0.0
17.650000000000002,4010.5480001820524,38.5435111413544,18.5435111413544,196.0,98.0,0.0,14.7,14.7,101.0,58.0,6.0,3.5,0.0
17.7,4137.850542225173,34.50281892202566,14.50281892202566,196.0,98.0,0.0,14.7,14.7,101.0,58.0,6.0,3.5,0.0
17.75,4203.655037489161,30.535455359153787,10.535455359153787,196.0,98.0,0.0,14.7,14.7,101.0,58.0,6.0,3.5,0.0
17.8,4279.46283667851,26.64961607365626,6.6496160736562615,196.0,98.0,0.0,14.7,14.7,101.0,58.0,6.0,3.5,0.0
17.85,4318.858268630022,22.853328276860054,2.8533282768600543,196.0,98.0,0.0,14.7,14.7,101.0,58.0,6.0,3.5,0.0
17.900000000000002,4329.869705844521,22.0,2.0,196.0,98.0,0.0,14.7,14.7,101.0,58.0,6.0,3.5,0.0
17.95,4251.339282477522,22.0,2.0,196.0,98.0,0.0,14.7,14.7,101.0,58.0,6.0,3.5,0.0
18.0,4232.205150693344,22.0,2.0,196.0,98.0,0.0,14.7,14.7,101.0,58.0,6.0,3.5,0.0
18.05,4362.546989037737,22.0,2.0,196.0,98.0,0.0,14.7,14.7,101.0,58.0,6.0,3.5,0.0
18.1,4357.727884180078,22.0,2.0,196.0,98.0,0.0,14.7,14.7,101.0,58.0,6.0,3.5,0.0
18.150000000000002,4409.2742801118075,22.0,2.0,196.0,98.0,0.0,14.7,14.7,101.0,58.0,6.0,3.5,0.0
18.2,4377.118601276092,22.0,2.0,196.0,98.0,0.0,14.7,14.7,101.0,58.0,6.0,3.5,0.0
18.25,4399.542092009556,22.0,2.0,196.0,98.0,0.0,14.7,14.7,101.0,58.0,6.0,3.5,0.0
18.3,4336.5536251152635,22.0,2.0,196.0,98.0,0.0,14.7,14.7,101.0,58.0,6.0,3.5,0.0
18.35,4417.469657798066,22.0,2.0,196.0,98.0,0.0,14.7,14.7,101.0,58.0,6.0,3.5,0.0
18.400000000000002,4381.939781682702,22.0,2.0,196.0,98.0,0.0,14.7,14.7,101.0,58.0,6.0,3.5,0.0
18.45,4411.11166878663,22.0,2.0,196.0,98.0,0.0,14.7,14.7,101.0,58.0,6.0,3.5,0.0
18.5,4410.058995763231,22.0,2.0,196.0,98.0,0.0,14.7,14.7,101.0,58.0,6.0,3.5,0.0
18.55,4378.76636944408,22.0,2.0,196.0,98.0,0.0,14.7,14.7,101.0,58.0,6.0,3.5,0.0
18.6,4385.113966375194,22.0,2.0,196.0,98.0,0.0,14.7,14.7,101.0,58.0,6.0,3.5,0.0
18.650000000000002,4358.114763459732,22.0,2.0,196.0,98.0,0.0,14.7,14.7,101.0,58.0,6.0,3.5,0.0
18.7,4372.494991213461,22.0,2.0,196.0,98.0,0.0,14.7,14.7,101.0,58.0,6.0,3.5,0.0
18.75,4342.939991546518,22.0,2.0,196.0,98.0,0.0,14.7,14.7,101.0,58.0,6.0,3.5,0.0
18.8,4279.028660027368,22.0,2.0,196.0,98.0,0.0,14.7,14.7,101.0,58.0,6.0,3.5,0.0
18.85,4252.784530252793,22.0,2.0,196.0,98.0,0.0,14.7,14.7,101.0,58.0,6.0,3.5,0.0
18.900000000000002,4318.806107614022,22.0,2.0,196.0,98.0,0.0,14.7,14.7,101.0,58.0,6.0,3.5,0.0
18.95,4215.1616448484165,22.0,2.0,196.0,98.0,0.0,14.7,14.7,101.0,58.0,6.0,3.5,0.0
19.0,4226.523763893906,22.0,2.0,196.0,98.0,0.0,14.7,14.7,101.0,58.0,6.0,3.5,0.0
19.05,4167.71783654226,22.0,2.0,196.0,98.0,0.0,14.7,14.7,101.0,58.0,6.0,3.5,0.0
19.1,4092.1054019308276,22.0,2.0,196.0,98.0,0.0,14.7,14.7,101.0,58.0,6.0,3.5,0.0
19.150000000000002,4045.010173382962,22.0,2.0,196.0,98.0,0.0,14.7,14.7,101.0,58.0,6.0,3.5,0.0
19.200000000000003,4037.7438277616734,22.0,2.0,196.0,98.0,0.0,14.7,14.7,101.0,58.0,6.0,3.5,0.0
19.25,3998.907270514404,22.0,2.0,196.0,98.0,0.0,14.7,14.7,101.0,58.0,6.0,3.5,0.0
19.3,3966.716075625412,22.0,2.0,196.0,98.0,0.0,14.7,14.7,101.0,58.0,6.0,3.5,0.0
19.35,3842.831540427345,22.0,2.0,196.0,98.0,0.0,14.7,14.7,101.0,58.0,6.0,3.5,0.0
19.400000000000002,3819.0277473515243,22.0,2.0,196.0,98.0,0.0,14.7,14.7,101.0,58.0,6.0,3.5,0.0
19.450000000000003,3786.3404636559912,22.0,2.0,196.0,98.0,0.0,14.7,14.7,101.0,58.0,6.0,3.5,0.0
19.5,3799.576874704426,22.0,2.0,196.0,98.0,0.0,14.7,14.7,101.0,58.0,6.0,3.5,0.0
19.55,3584.724031185354,22.0,2.0,196.0,98.0,0.0,14.7,14.7,101.0,58.0,6.0,3.5,0.0
19.6,3638.53585577563,22.0,2.0,196.0,98.0,0.0,14.7,14.7,101.0,58.0,6.0,3.5,0.0
19.650000000000002,3539.5517340550023,22.0,2.0,196.0,98.0,0.0,14.7,14.7,101.0,58.0,6.0,3.5,0.0
19.700000000000003,3517.0212803626273,22.0,2.0,196.0,98.0,0.0,14.7,14.7,101.0,58.0,6.0,3.5,0.0
19.75,3417.2208868905636,22.0,2.0,196.0,98.0,0.0,14.7,14.7,101.0,58.0,6.0,3.5,0.0
19.8,3387.230166211044,22.0,2.0,196.0,98.0,0.0,14.7,14.7,101.0,58.0,6.0,3.5,0.0
19.85,3369.6909853577185,22.0,2.0,196.0,98.0,0.0,14.7,14.7,101.0,58.0,6.0,3.5,0.0
19.900000000000002,3254.536868111909,22.0,2.0,196.0,98.0,0.0,14.7,14.7,101.0,58.0,6.0,3.5,0.0
19.950000000000003,3189.873464495834,22.0,2.0,196.0,98.0,0.0,14.7,14.7,101.0,58.0,6.0,3.5,0.0
20.0,3118.6254858844436,22.0,2.0,196.0,98.0,0.0,14.7,14.7,101.0,58.0,6.0,3.5,0.0
20.05,3003.9793793020585,22.0,2.0,196.0,98.0,0.0,14.7,14.7,101.0,58.0,6.0,3.5,0.0
20.1,2985.203552468857,22.0,2.0,196.0,98.0,0.0,14.7,14.7,101.0,58.0,6.0,3.5,0.0
20.150000000000002,2883.9543531725744,22.0,2.0,196.0,98.0,0.0,14.7,14.7,101.0,58.0,6.0,3.5,0.0
20.200000000000003,2788.0448107249563,25.632941153849707,5.632941153849707,196.0,98.0,0.0,14.7,14.7,101.0,58.0,6.0,3.5,0.0
20.25,2746.7225065135267,29.49578672046284,9.495786720462839,196.0,98.0,0.0,14.7,14.7,101.0,58.0,6.0,3.5,0.0
20.3,2666.5567419011545,33.442304270327504,13.442304270327504,196.0,98.0,0.0,14.7,14.7,101.0,58.0,6.0,3.5,0.0
20.35,2632.9115272234812,37.46434124538681,17.464341245386812,196.0,98.0,0.0,14.7,14.7,101.0,58.0,6.0,3.5,0.0
20.400000000000002,2528.0308096405397,41.553589082575826,21.553589082575826,196.0,98.0,0.0,14.7,14.7,101.0,58.0,6.0,3.5,0.0
20.450000000000003,2435.494744434347,45.70160037731969,25.701600377319693,196.0,98.0,0.0,14.7,14.7,101.0,58.0,6.0,3.5,0.0
20.5,2441.9034239991947,49.89980633384498,29.899806333844978,196.0,98.0,0.0,14.7,14.7,101.0,58.0,6.0,3.5,0.0
20.55,2350.364278344784,54.13953446625321,34.13953446625321,196.0,98.0,0.0,14.7,14.7,101.0,58.0,6.0,3.5,0.0
20.6,2289.06195682782,58.412026513796235,38.412026513796235,196.0,98.0,0.0,14.7,14.7,101.0,58.0,6.0,3.5,0.0
20.650000000000002,2190.410607982939,62.708456533341895,42.708456533341895,196.0,98.0,0.0,14.7,14.7,101.0,58.0,6.0,3.5,0.0
20.700000000000003,2090.040956153219,67.01994913165184,47.01994913165184,196.0,98.0,0.0,14.7,14.7,101.0,58.0,6.0,3.5,0.0
20.75,2006.5900654723002,71.3375977998165,51.33759779981651,196.0,98.0,0.0,14.7,14.7,101.0,58.0,6.0,3.5,0.0
20.8,1941.8100985342894,75.65248331196254,55.65248331196254,196.0,98.0,0.0,14.7,14.7,101.0,58.0,6.0,3.5,0.0
20.85,1921.3303154015243,79.95569215023369,59.95569215023369,196.0,98.0,0.0,14.7,14.7,101.0,58.0,6.0,3.5,0.0
20.900000000000002,1819.2497990700156,84.23833491798047,64.23833491798047,196.0,98.0,0.0,12.8,12.8,101.0,58.0,6.0,0.0,0.0
20.950000000000003,1687.824442406526,88.49156470311803,68.49156470311803,196.0,98.0,0.0,12.8,12.8,101.0,58.0,6.0,0.0,0.0
21.0,1679.0529202444454,92.7065953537242,72.7065953537242,196.0,98.0,0.0,12.8,12.8,101.0,58.0,6.0,0.0,0.0
21.05,1558.6620846284072,96.8747196281216,76.8747196281216,196.0,98.0,0.0,12.8,12.8,101.0,58.0,6.0,0.0,0.0
21.1,1557.9394641998897,100.98732718194717,80.98732718194717,196.0,98.0,0.0,12.8,12.8,101.0,58.0,6.0,0.0,0.0
21.150000000000002,1440.5538456566835,105.03592235505802,85.03592235505802,196.0,158.0,0.0,12.3,11.6,101.0,44.0,17.0,0.0,0.0
21.200000000000003,1377.0467977837095,109.0121417215272,89.0121417215272,196.0,158.0,0.0,12.3,11.6,101.0,44.0,17.0,0.0,0.0
21.25,1372.831221661776,112.9077713664722,92.9077713664722,196.0,158.0,0.0,12.3,11.6,101.0,44.0,17.0,0.0,0.0
21.3,1307.1174906330602,116.71476385403409,96.71476385403409,196.0,158.0,0.0,12.3,11.6,101.0,44.0,17.0,0.0,0.0
21.35,1187.6933899136798,120.42525485144648,100.0,196.0,158.0,0.0,12.3,11.6,101.0,44.0,17.0,0.0,0.0
21.400000000000002,1229.8533265636318,124.0315793748604,100.0,196.0,158.0,0.0,12.3,11.6,101.0,44.0,17.0,0.0,0.0
21.450000000000003,1234.1317170380364,127.5262876233621,100.0,196.0,158.0,0.0,12.3,11.6,101.0,44.0,17.0,0.0,0.0
21.5,1038.0366248815296,130.90216036847198,100.0,196.0,158.0,0.0,12.3,11.6,101.0,44.0,17.0,0.0,0.0
21.55,1121.8442051211916,134.15222386733893,100.0,196.0,158.0,0.0,12.3,11.6,101.0,44.0,17.0,0.0,0.0
21.6,975.4433119578332,137.2697642688199,100.0,196.0,158.0,0.0,12.3,11.6,101.0,44.0,17.0,0.0,0.0
21.650000000000002,939.3102275060057,140.24834148268354,100.0,196.0,158.0,0.0,12.3,11.6,101.0,44.0,17.0,0.0,0.0
21.700000000000003,910.3165223439055,143.08180248329177,100.0,196.0,158.0,0.0,12.3,11.6,101.0,44.0,17.0,0.0,0.0
21.75,900.0,145.7642940202744,100.0,196.0,158.0,0.0,12.3,11.6,101.0,44.0,17.0,0.0,0.0
21.8,900.0,148.29027470993827,100.0,196.0,158.0,0.0,12.3,11.6,101.0,44.0,17.0,0.0,0.0
21.85,900.0,150.65452648243752,100.0,196.0,158.0,2.0,12.3,11.6,101.0,44.0,17.0,0.0,0.0
21.900000000000002,900.0,152.8521653610522,100.0,196.0,158.0,2.0,12.3,11.6,101.0,44.0,17.0,0.0,0.0
21.950000000000003,900.0,154.87865155131234,100.0,196.0,158.0,2.0,12.3,11.6,101.0,44.0,17.0,0.0,0.0
22.0,900.0,156.72979881912462,100.0,196.0,158.0,2.0,12.3,11.6,101.0,44.0,17.0,0.0,0.0
22.05,900.0,158.4017831385259,100.0,196.0,158.0,2.0,12.3,11.6,101.0,44.0,17.0,0.0,0.0
22.1,900.0,159.89115059120383,100.0,196.0,158.0,2.0,12.3,11.6,101.0,44.0,17.0,0.0,0.0
22.150000000000002,900.0,161.19482450146324,100.0,196.0,158.0,2.0,12.3,11.6,101.0,44.0,17.0,0.0,0.0
22.200000000000003,900.0,162.3101117918992,100.0,196.0,158.0,2.0,12.3,11.6,101.0,44.0,17.0,0.0,0.0
22.25,900.0,163.23470854664873,100.0,196.0,158.0,2.0,12.3,11.6,101.0,44.0,17.0,0.0,0.0
22.3,900.0,163.96670477072848,100.0,196.0,158.0,2.0,12.3,11.6,101.0,44.0,17.0,0.0,0.0
22.35,900.0,164.50458833562516,100.0,196.0,158.0,2.0,12.3,11.6,101.0,44.0,17.0,0.0,0.0
22.400000000000002,900.0,164.8472481029908,100.0,196.0,158.0,2.0,12.3,11.6,101.0,44.0,17.0,0.0,0.0
22.450000000000003,900.0,164.99397621998745,100.0,196.0,158.0,2.0,12.3,11.6,101.0,44.0,17.0,0.0,0.0
22.5,900.0,164.94446958154148,100.0,196.0,158.0,2.0,12.3,11.6,101.0,44.0,17.0,0.0,0.0
22.55,900.0,164.69883045648592,100.0,196.0,158.0,2.0,12.3,11.6,101.0,44.0,17.0,0.0,0.0
22.6,900.0,164.25756627629747,100.0,196.0,158.0,2.0,12.3,11.6,101.0,44.0,17.0,0.0,0.0
22.650000000000002,900.0,163.62158858686496,100.0,196.0,158.0,2.0,12.3,11.6,101.0,44.0,17.0,0.0,0.0
22.700000000000003,900.0,162.7922111654542,100.0,196.0,158.0,2.0,12.3,11.6,101.0,44.0,17.0,0.0,0.0
22.75,900.0,161.77114730675962,100.0,196.0,158.0,2.0,12.3,11.6,101.0,44.0,17.0,0.0,0.0
22.8,900.0,160.56050628364872,100.0,196.0,158.0,2.0,12.3,11.6,101.0,44.0,17.0,0.0,0.0
22.85,900.0,159.16278898991004,100.0,196.0,158.0,2.0,12.3,11.6,101.0,44.0,17.0,0.0,0.0
22.900000000000002,900.0,157.58088277400765,100.0,196.0,158.0,2.0,12.3,11.6,101.0,44.0,17.0,0.0,0.0
22.950000000000003,900.0,155.81805547451137,100.0,196.0,158.0,2.0,12.3,11.6,101.0,44.0,17.0,0.0,0.0
23.0,900.0,153.87794866952726,100.0,196.0,158.0,2.0,12.3,11.6,101.0,44.0,17.0,0.0,0.0
23.05,900.0,151.76457015407112,100.0,196.0,158.0,2.0,12.3,11.6,101.0,44.0,17.0,0.0,0.0
23.1,900.0,149.48228566092533,100.0,196.0,158.0,0.0,12.3,11.6,101.0,44.0,17.0,0.0,0.0
23.150000000000002,900.0,147.03580984208355,100.0,196.0,158.0,0.0,12.3,11.6,101.0,44.0,17.0,0.0,0.0
23.200000000000003,900.0,144.43019652941103,100.0,196.0,158.0,0.0,12.3,11.6,101.0,44.0,17.0,0.0,0.0
23.25,900.0,141.67082829464022,100.0,196.0,158.0,0.0,12.3,11.6,101.0,44.0,17.0,0.0,0.0
23.3,1009.4431774662959,138.7634053302706,100.0,196.0,158.0,0.0,12.3,11.6,101.0,44.0,17.0,0.0,0.0
23.35,1091.112223197313,135.71393367433853,100.0,196.0,158.0,0.0,12.3,11.6,101.0,44.0,17.0,0.0,0.0
23.400000000000002,1043.9714352505496,132.52871280338346,100.0,196.0,158.0,0.0,12.3,11.6,101.0,44.0,17.0,0.0,0.0
23.450000000000003,1149.7576802135595,129.21432261924295,100.0,196.0,158.0,0.0,12.3,11.6,101.0,44.0,17.0,0.0,0.0
23.5,1202.6580815023979,125.77760985655283,100.0,196.0,158.0,0.0,12.3,11.6,101.0,44.0,17.0,0.0,0.0
23.55,1165.1277610997054,122.22567393903839,100.0,196.0,158.0,0.0,12.3,11.6,101.0,44.0,17.0,0.0,0.0
23.6,1319.6618199047316,118.56585231380822,98.56585231380822,196.0,158.0,0.0,12.3,11.6,101.0,44.0,17.0,0.0,0.0
23.650000000000002,1393.4039969068408,114.80570529394863,94.80570529394863,196.0,158.0,0.0,12.3,11.6,101.0,44.0,17.0,0.0,0.0
23.700000000000003,1407.0494357000644,110.95300044073306,90.95300044073306,196.0,158.0,0.0,12.3,11.6,101.0,44.0,17.0,0.0,0.0
23.75,1455.7105376124446,107.01569651770397,87.01569651770397,196.0,158.0,0.0,12.3,11.6,101.0,44.0,17.0,0.0,0.0
23.8,1551.624821802387,103.00192704977658,83.00192704977658,196.0,98.0,0.0,12.8,12.8,101.0,58.0,6.0,0.0,0.0
23.85,1521.7939561945898,98.91998352133034,78.91998352133034,196.0,98.0,0.0,12.8,12.8,101.0,58.0,6.0,0.0,0.0
23.900000000000002,1651.8288906963537,94.77829824799136,74.77829824799136,196.0,98.0,0.0,12.8,12.8,101.0,58.0,6.0,0.0,0.0
23.950000000000003,1756.2049434575624,90.58542695749115,70.58542695749115,196.0,98.0,0.0,12.8,12.8,101.0,58.0,6.0,0.0,0.0
24.0,1731.4299868182402,86.35003111558888,66.35003111558888,196.0,98.0,0.0,12.8,12.8,101.0,58.0,6.0,0.0,0.0
24.05,1888.9896732738666,82.08086003355932,62.08086003355932,196.0,98.0,0.0,12.8,12.8,101.0,58.0,6.0,0.0,0.0
24.1,1901.6795381768509,77.78673279421791,57.78673279421791,196.0,98.0,0.0,14.7,14.7,101.0,58.0,6.0,3.5,0.0
24.150000000000002,1905.1577820871482,73.47652003381148,53.47652003381148,196.0,98.0,0.0,14.7,14.7,101.0,58.0,6.0,3.5,0.0
24.200000000000003,2054.8998027223442,69.15912561741163,49.15912561741163,196.0,98.0,0.0,14.7,14.7,101.0,58.0,6.0,3.5,0.0
24.25,2091.6448117442646,64.84346824566863,44.84346824566863,196.0,98.0,0.0,14.7,14.7,101.0,58.0,6.0,3.5,0.0
24.3,2215.2285166589727,60.538463030915366,40.538463030915366,196.0,98.0,0.0,14.7,14.7,101.0,58.0,6.0,3.5,0.0
24.35,2227.9500363509665,56.25300308068401,36.25300308068401,196.0,98.0,0.0,14.7,14.7,101.0,58.0,6.0,3.5,0.0
24.400000000000002,2389.5573123295003,51.99594112668228,31.995941126682283,196.0,98.0,0.0,14.7,14.7,101.0,58.0,6.0,3.5,0.0
24.450000000000003,2390.9291521666496,47.776071237173454,27.776071237173454,196.0,98.0,0.0,14.7,14.7,101.0,58.0,6.0,3.5,0.0
24.5,2507.790369044106,43.60211065054101,23.602110650541007,196.0,98.0,0.0,14.7,14.7,101.0,58.0,6.0,3.5,0.0
24.55,2542.8401365458267,39.48268176756866,19.482681767568657,196.0,98.0,0.0,14.7,14.7,101.0,58.0,6.0,3.5,0.0
24.6,2626.647879261264,35.426294339627155,15.426294339627155,196.0,98.0,0.0,14.7,14.7,101.0,58.0,6.0,3.5,0.0
24.650000000000002,2759.9928206904005,31.441327889572676,11.441327889572676,196.0,98.0,0.0,14.7,14.7,101.0,58.0,6.0,3.5,0.0
24.700000000000003,2793.377836208805,27.53601440166274,7.53601440166274,196.0,98.0,0.0,14.7,14.7,101.0,58.0,6.0,3.5,0.0
24.75,2840.9884935815858,23.718421316251593,3.718421316251593,196.0,98.0,0.0,14.7,14.7,101.0,58.0,6.0,3.5,0.0
24.8,2878.2248050488133,22.0,2.0,196.0,98.0,0.0,14.7,14.7,101.0,58.0,6.0,3.5,0.0
24.85,3045.5450452081654,22.0,2.0,196.0,98.0,0.0,14.7,14.7,101.0,58.0,6.0,3.5,0.0
24.900000000000002,3098.5830175360875,22.0,2.0,196.0,98.0,0.0,14.7,14.7,101.0,58.0,6.0,3.5,0.0
24.950000000000003,3125.490711896234,22.0,2.0,196.0,98.0,0.0,14.7,14.7,101.0,58.0,6.0,3.5,0.0
25.0,3216.621652520506,22.0,2.0,196.0,98.0,0.0,14.7,14.7,101.0,58.0,6.0,3.5,0.0
25.05,3232.9976211349017,22.0,2.0,196.0,98.0,0.0,14.7,14.7,101.0,58.0,6.0,3.5,0.0
25.1,3299.7333428003913,22.0,2.0,196.0,98.0,0.0,14.7,14.7,101.0,58.0,6.0,3.5,0.0
25.150000000000002,3372.1831106148416,22.0,2.0,196.0,98.0,0.0,14.7,14.7,101.0,58.0,6.0,3.5,0.0
25.200000000000003,3482.932254937771,22.0,2.0,196.0,98.0,0.0,14.7,14.7,101.0,58.0,6.0,3.5,0.0
25.25,3542.76059696248,22.0,2.0,196.0,98.0,0.0,14.7,14.7,101.0,58.0,6.0,3.5,0.0
25.3,3561.7213873445316,22.0,2.0,196.0,98.0,0.0,14.7,14.7,101.0,58.0,6.0,3.5,0.0
25.35,3680.0367363190603,22.0,2.0,196.0,98.0,0.0,14.7,14.7,101.0,58.0,6.0,3.5,0.0
25.400000000000002,3739.203990616318,22.0,2.0,196.0,98.0,0.0,14.7,14.7,101.0,58.0,6.0,3.5,0.0
25.450000000000003,3770.2365818819258,22.0,2.0,196.0,98.0,0.0,14.7,14.7,101.0,58.0,6.0,3.5,0.0
25.5,3858.4912177699903,22.0,2.0,196.0,98.0,0.0,14.7,14.7,101.0,58.0,6.0,3.5,0.0
25.55,3857.1486776483393,22.0,2.0,196.0,98.0,0.0,14.7,14.7,101.0,58.0,6.0,3.5,0.0
25.6,3913.7854603629266,22.0,2.0,196.0,98.0,0.0,14.7,14.7,101.0,58.0,6.0,3.5,0.0
25.650000000000002,3984.785955248745,22.0,2.0,196.0,98.0,0.0,14.7,14.7,101.0,58.0,6.0,3.5,0.0
25.700000000000003,4009.9069685339928,22.0,2.0,196.0,98.0,0.0,14.7,14.7,101.0,58.0,6.0,3.5,0.0
25.75,4086.1864884466913,22.0,2.0,196.0,98.0,0.0,14.7,14.7,101.0,58.0,6.0,3.5,0.0
25.8,4045.1864168009574,22.0,2.0,196.0,98.0,0.0,14.7,14.7,101.0,58.0,6.0,3.5,0.0
25.85,4190.826755938538,22.0,2.0,196.0,98.0,0.0,14.7,14.7,101.0,58.0,6.0,3.5,0.0
25.900000000000002,4138.631745230187,22.0,2.0,196.0,98.0,0.0,14.7,14.7,101.0,58.0,6.0,3.5,0.0
25.950000000000003,4196.911205772497,22.0,2.0,196.0,98.0,0.0,14.7,14.7,101.0,58.0,6.0,3.5,0.0
26.0,4179.494268419026,22.0,2.0,196.0,98.0,0.0,14.7,14.7,101.0,58.0,6.0,3.5,0.0
26.05,4287.136071709954,22.0,2.0,196.0,98.0,0.0,14.7,14.7,101.0,58.0,6.0,3.5,0.0
26.1,4340.00458158288,22.0,2.0,196.0,98.0,0.0,14.7,14.7,101.0,58.0,6.0,3.5,0.0
26.150000000000002,4355.169553322678,22.0,2.0,196.0,98.0,0.0,14.7,14.7,101.0,58.0,6.0,3.5,0.0
26.200000000000003,4366.259196967032,22.0,2.0,196.0,98.0,0.0,14.7,14.7,101.0,58.0,6.0,3.5,0.0
26.25,4288.523897080681,22.0,2.0,196.0,98.0,0.0,14.7,14.7,101.0,58.0,6.0,3.5,0.0
26.3,4334.670788939079,22.0,2.0,196.0,98.0,0.0,14.7,14.7,101.0,58.0,6.0,3.5,0.0
26.35,4359.842922771572,22.0,2.0,196.0,98.0,0.0,14.7,14.7,101.0,58.0,6.0,3.5,0.0
26.400000000000002,4350.565728040664,22.0,2.0,196.0,98.0,0.0,14.7,14.7,101.0,58.0,6.0,3.5,0.0
26.450000000000003,4439.680075555306,22.0,2.0,196.0,98.0,0.0,14.7,14.7,101.0,58.0,6.0,3.5,0.0
26.5,4406.166234379093,22.0,2.0,196.0,98.0,0.0,14.7,14.7,101.0,58.0,6.0,3.5,0.0
26.55,4399.013835175523,22.0,2.0,196.0,98.0,0.0,14.7,14.7,101.0,58.0,6.0,3.5,0.0
26.6,4417.890168118967,22.0,2.0,196.0,98.0,0.0,14.7,14.7,101.0,58.0,6.0,3.5,0.0
26.650000000000002,4355.911847616589,22.0,2.0,196.0,98.0,0.0,14.7,14.7,101.0,58.0,6.0,3.5,0.0
26.700000000000003,4350.42905511306,22.0,2.0,196.0,98.0,0.0,14.7,14.7,101.0,58.0,6.0,3.5,0.0
26.75,4341.500354155022,22.0,2.0,196.0,98.0,0.0,14.7,14.7,101.0,58.0,6.0,3.5,0.0
26.8,4383.883492988979,22.0,2.0,196.0,98.0,0.0,14.7,14.7,101.0,58.0,6.0,3.5,0.0
26.85,4362.105306489152,22.0,2.0,196.0,98.0,0.0,14.7,14.7,101.0,58.0,6.0,3.5,0.0
26.900000000000002,4353.293902547476,22.0,2.0,196.0,98.0,0.0,14.7,14.7,101.0,58.0,6.0,3.5,0.0
26.950000000000003,4352.32726240687,22.0,2.0,196.0,98.0,0.0,14.7,14.7,101.0,58.0,6.0,3.5,0.0
27.0,4231.245647683517,22.0,2.0,196.0,98.0,0.0,14.7,14.7,101.0,58.0,6.0,3.5,0.0
27.05,4236.82264859425,22.0,2.0,196.0,98.0,0.0,14.7,14.7,101.0,58.0,6.0,3.5,0.0
27.1,4236.246580972724,24.756873360886836,4.756873360886836,196.0,98.0,0.0,14.7,14.7,101.0,58.0,6.0,3.5,0.0
27.150000000000002,4144.938599594435,28.599332157895667,8.599332157895667,196.0,98.0,0.0,14.7,14.7,101.0,58.0,6.0,3.5,0.0
27.200000000000003,4143.631742794852,32.527314798124955,12.527314798124955,196.0,98.0,0.0,14.7,14.7,101.0,58.0,6.0,3.5,0.0
27.25,4169.047742125577,36.53270701219255,16.532707012192553,196.0,98.0,0.0,14.7,14.7,101.0,58.0,6.0,3.5,0.0
27.3,4133.75147840001,40.60723462111455,20.60723462111455,196.0,98.0,0.0,14.7,14.7,101.0,58.0,6.0,3.5,0.0
27.35,4091.5218590817713,44.74248062877564,24.74248062877564,196.0,98.0,0.0,14.7,14.7,101.0,58.0,6.0,3.5,0.0
27.400000000000002,4006.6918315458934,48.92990260942075,28.92990260942075,196.0,98.0,0.0,14.7,14.7,101.0,58.0,6.0,3.5,0.0
27.450000000000003,3950.783949121316,53.16085035425733,33.16085035425733,196.0,98.0,0.0,14.7,14.7,101.0,58.0,6.0,3.5,0.0
27.5,3954.576758246948,57.426583740711564,37.426583740711564,196.0,98.0,0.0,14.7,14.7,101.0,58.0,6.0,3.5,0.0
27.55,3846.5354446199835,61.71829078742196,41.71829078742196,196.0,98.0,0.0,14.7,14.7,101.0,58.0,6.0,3.5,0.0
27.6,3823.002639783128,66.02710585767882,46.02710585767882,196.0,98.0,0.0,14.7,14.7,101.0,58.0,6.0,3.5,0.0
27.650000000000002,3808.5791812653088,70.34412797370294,50.34412797370294,196.0,98.0,0.0,14.7,14.7,101.0,58.0,6.0,3.5,0.0
27.700000000000003,3685.1030162140028,74.66043920392725,54.660439203927254,196.0,98.0,0.0,14.7,14.7,101.0,58.0,6.0,3.5,0.0
27.75,3617.8469381808577,78.9671230853042,58.967123085304195,196.0,98.0,0.0,14.7,14.7,101.0,58.0,6.0,3.5,0.0
27.8,3582.6678224803786,83.25528304257924,63.25528304257924,196.0,98.0,0.0,12.8,12.8,101.0,58.0,6.0,0.0,0.0
27.85,3546.1495471204557,87.5160607664778,67.5160607664778,196.0,98.0,0.0,12.8,12.8,101.0,58.0,6.0,0.0,0.0
27.900000000000002,3479.170482107082,91.74065451284883,71.74065451284883,196.0,98.0,0.0,12.8,12.8,101.0,58.0,6.0,0.0,0.0
27.950000000000003,3402.348416807398,95.92033728495333,75.92033728495333,196.0,98.0,0.0,12.8,12.8,101.0,58.0,6.0,0.0,0.0
28.0,3353.285446520928,100.04647486134613,80.04647486134613,196.0,98.0,0.0,12.8,12.8,101.0,58.0,6.0,0.0,0.0
28.05,3200.7300458068603,104.11054363210599,84.11054363210599,196.0,98.0,0.0,12.8,12.8,101.0,58.0,6.0,0.0,0.0
28.1,3162.8976160512957,108.10414820656608,88.10414820656608,196.0,158.0,0.0,12.3,11.6,101.0,44.0,17.0,0.0,0.0
28.150000000000002,3135.3202257306602,112.0190387561771,92.0190387561771,196.0,158.0,0.0,12.3,11.6,101.0,44.0,17.0,0.0,0.0
28.200000000000003,3022.237595837488,115.84712805667388,95.84712805667388,196.0,158.0,0.0,12.3,11.6,101.0,44.0,17.0,0.0,0.0
28.25,2935.4825654554606,119.58050819433794,99.58050819433794,196.0,158.0,0.0,12.3,11.6,101.0,44.0,17.0,0.0,0.0
28.3,2869.8787305659434,123.21146690185014,100.0,196.0,158.0,0.0,12.3,11.6,101.0,44.0,17.0,0.0,0.0
28.35,2809.888399146268,126.73250348998482,100.0,196.0,158.0,0.0,12.3,11.6,101.0,44.0,17.0,0.0,0.0
28.400000000000002,2767.386710962961,130.13634434223152,100.0,196.0,158.0,0.0,12.3,11.6,101.0,44.0,17.0,0.0,0.0
28.450000000000003,2661.1253714202235,133.4159579403431,100.0,196.0,158.0,0.0,12.3,11.6,101.0,44.0,17.0,0.0,0.0
28.5,2638.632230359498,136.56456938976305,100.0,196.0,158.0,0.0,12.3,11.6,101.0,44.0,17.0,0.0,0.0
28.55,2624.0999609275173,139.57567441493228,100.0,196.0,158.0,0.0,12.3,11.6,101.0,44.0,17.0,0.0,0.0
28.6,2477.277459982546,142.44305279556227,100.0,196.0,158.0,0.0,12.3,11.6,101.0,44.0,17.0,0.0,0.0
28.650000000000002,2461.1268607792827,145.16078121611548,100.0,196.0,158.0,0.0,12.3,11.6,101.0,44.0,17.0,0.0,0.0
28.700000000000003,2348.765480254578,147.7232455019547,100.0,196.0,158.0,0.0,12.3,11.6,101.0,44.0,17.0,0.0,0.0
28.75,2219.7653338239534,150.1251522168808,100.0,196.0,158.0,2.0,12.3,11.6,101.0,44.0,17.0,0.0,0.0
28.8,2181.980197662493,152.3615395981002,100.0,196.0,158.0,2.0,12.3,11.6,101.0,44.0,17.0,0.0,0.0
28.85,2081.0967130747767,154.4277878060367,100.0,196.0,158.0,2.0,12.3,11.6,101.0,44.0,17.0,0.0,0.0
28.900000000000002,2079.7825536428973,156.31962846781158,100.0,196.0,158.0,2.0,12.3,11.6,101.0,44.0,17.0,0.0,0.0
28.950000000000003,1932.303338425902,158.03315349467653,100.0,196.0,158.0,2.0,12.3,11.6,101.0,44.0,17.0,0.0,0.0
29.0,1961.463542092227,159.564823155188,100.0,196.0,158.0,2.0,12.3,11.6,101.0,44.0,17.0,0.0,0.0
29.05,1862.6964332831265,160.91147338744213,100.0,196.0,158.0,2.0,12.3,11.6,101.0,44.0,17.0,0.0,0.0
29.1,1690.6616417206021,162.07032233526735,100.0,196.0,158.0,2.0,12.3,11.6,101.0,44.0,17.0,0.0,0.0
29.150000000000002,1735.9902824165483,163.0389760948721,100.0,196.0,158.0,2.0,12.3,11.6,101.0,44.0,17.0,0.0,0.0
29.200000000000003,1700.9763180015482,163.81543366007475,100.0,196.0,158.0,2.0,12.3,11.6,101.0,44.0,17.0,0.0,0.0
29.25,1542.7474778604467,164.39809105590246,100.0,196.0,158.0,2.0,12.3,11.6,101.0,44.0,17.0,0.0,0.0
29.3,1550.6603863373339,164.78574465201874,100.0,196.0,158.0,2.0,12.3,11.6,101.0,44.0,17.0,0.0,0.0
29.35,1377.6593672410977,164.9775936491343,100.0,196.0,158.0,2.0,12.3,11.6,101.0,44.0,17.0,0.0,0.0
29.400000000000002,1399.5789022097706,164.97324173326672,100.0,196.0,158.0,2.0,12.3,11.6,101.0,44.0,17.0,0.0,0.0
29.450000000000003,1264.5776243812797,164.77269789442963,100.0,196.0,158.0,2.0,12.3,11.6,101.0,44.0,17.0,0.0,0.0
29.5,1293.5984272094026,164.37637640806173,100.0,196.0,158.0,2.0,12.3,11.6,101.0,44.0,17.0,0.0,0.0
29.55,1147.8668044467092,163.78509597923306,100.0,196.0,158.0,2.0,12.3,11.6,101.0,44.0,17.0,0.0,0.0
29.6,1061.0471998835067,163.00007805139677,100.0,196.0,158.0,2.0,12.3,11.6,101.0,44.0,17.0,0.0,0.0
29.650000000000002,1131.155022731235,162.02294428318038,100.0,196.0,158.0,2.0,12.3,11.6,101.0,44.0,17.0,0.0,0.0
29.700000000000003,1157.824278104894,160.8557131984278,100.0,196.0,158.0,2.0,12.3,11.6,101.0,44.0,17.0,0.0,0.0
29.75,995.5998794308371,159.50079601641394,100.0,196.0,158.0,2.0,12.3,11.6,101.0,44.0,17.0,0.0,0.0
29.8,1007.9411866719875,157.96099167084446,100.0,196.0,158.0,2.0,12.3,11.6,101.0,44.0,17.0,0.0,0.0
29.85,936.7269426968,156.2394810279298,100.0,196.0,158.0,2.0,12.3,11.6,101.0,44.0,17.0,0.0,0.0
29.900000000000002,900.0,154.33982031547998,100.0,196.0,158.0,2.0,12.3,11.6,101.0,44.0,17.0,0.0,0.0
29.950000000000003,900.0,152.26593377659105,100.0,196.0,158.0,2.0,12.3,11.6,101.0,44.0,17.0,0.0,0.0
30.0,900.0,150.02210556310018,100.0,196.0,158.0,2.0,12.3,11.6,101.0,44.0,17.0,0.0,0.0
30.05,900.0,147.6129708855574,100.0,196.0,158.0,0.0,12.3,11.6,101.0,44.0,17.0,0.0,0.0
30.1,900.0,145.04350643799165,100.0,196.0,158.0,0.0,12.3,11.6,101.0,44.0,17.0,0.0,0.0
30.150000000000002,900.0,142.31902011725668,100.0,196.0,158.0,0.0,12.3,11.6,101.0,44.0,17.0,0.0,0.0
30.200000000000003,900.0,139.44514005818957,100.0,196.0,158.0,0.0,12.3,11.6,101.0,44.0,17.0,0.0,0.0
30.25,900.0,136.42780300723427,100.0,196.0,158.0,0.0,12.3,11.6,101.0,44.0,17.0,0.0,0.0
30.3,900.0,133.27324205854967,100.0,196.0,158.0,0.0,12.3,11.6,101.0,44.0,17.0,0.0,0.0
30.35,900.0,129.98797377793235,100.0,196.0,158.0,0.0,12.3,11.6,101.0,44.0,17.0,0.0,0.0
30.400000000000002,900.0,126.57878474115493,100.0,196.0,158.0,0.0,12.3,11.6,101.0,44.0,17.0,0.0,0.0
30.450000000000003,900.0,123.05271751453097,100.0,196.0,158.0,0.0,12.3,11.6,101.0,44.0,17.0,0.0,0.0
30.5,900.0,119.41705610666233,99.41705610666233,196.0,158.0,0.0,12.3,11.6,101.0,44.0,17.0,0.0,0.0
30.55,900.0,115.67931092142501,95.67931092142501,196.0,158.0,0.0,12.3,11.6,101.0,44.0,17.0,0.0,0.0
30.6,900.0,111.84720324327901,91.84720324327901,196.0,158.0,0.0,12.3,11.6,101.0,44.0,17.0,0.0,0.0
30.650000000000002,900.0,107.92864928694573,87.92864928694573,196.0,158.0,0.0,12.3,11.6,101.0,44.0,17.0,0.0,0.0
30.700000000000003,900.0,103.93174384441025,83.93174384441025,196.0,98.0,0.0,12.8,12.8,101.0,58.0,6.0,0.0,0.0
30.75,900.0,99.86474356302311,79.86474356302311,196.0,98.0,0.0,12.8,12.8,101.0,58.0,6.0,0.0,0.0
30.8,900.0,95.73604988924757,75.73604988924757,196.0,98.0,0.0,12.8,12.8,101.0,58.0,6.0,0.0,0.0
30.85,900.0,91.55419171328947,71.55419171328947,196.0,98.0,0.0,12.8,12.8,101.0,58.0,6.0,0.0,0.0
30.900000000000002,900.0,87.32780775045629,67.32780775045629,196.0,98.0,0.0,12.8,12.8,101.0,58.0,6.0,0.0,0.0
30.950000000000003,900.0,83.06562869564355,63.065628695643554,196.0,98.0,0.0,12.8,12.8,101.0,58.0,6.0,0.0,0.0
31.0,900.0,78.77645918781666,58.776459187816656,196.0,98.0,0.0,14.7,14.7,101.0,58.0,6.0,3.5,0.0
31.05,900.0,74.46915962173898,54.46915962173898,196.0,98.0,0.0,14.7,14.7,101.0,58.0,6.0,3.5,0.0
31.1,900.0,70.15262784452187,50.152627844521874,196.0,98.0,0.0,14.7,14.7,101.0,58.0,6.0,3.5,0.0
31.150000000000002,900.0,65.8357807748104,45.8357807748104,196.0,98.0,0.0,14.7,14.7,101.0,58.0,6.0,3.5,0.0
31.200000000000003,900.0,61.52753598256693,41.52753598256693,196.0,98.0,0.0,14.7,14.7,101.0,58.0,6.0,3.5,0.0
31.25,900.0,57.236793267514194,37.236793267514194,196.0,98.0,0.0,14.7,14.7,101.0,58.0,6.0,3.5,0.0
31.3,900.0,52.972416274284114,32.972416274284114,196.0,98.0,0.0,14.7,14.7,101.0,58.0,6.0,3.5,0.0
31.35,900.0,48.74321418225434,28.74321418225434,196.0,98.0,0.0,14.7,14.7,101.0,58.0,6.0,3.5,0.0
31.400000000000002,915.697369383781,44.55792350789995,24.55792350789995,196.0,98.0,0.0,14.7,14.7,101.0,58.0,6.0,3.5,0.0
31.450000000000003,1013.3978454622562,40.425190057246226,20.425190057246226,196.0,98.0,0.0,14.7,14.7,101.0,58.0,6.0,3.5,0.0
31.5,952.5568190392028,36.353551065707535,16.353551065707535,196.0,98.0,0.0,14.7,14.7,101.0,58.0,6.0,3.5,0.0
31.55,1054.4226552443201,32.351417562209924,12.351417562209924,196.0,98.0,0.0,14.7,14.7,101.0,58.0,6.0,3.5,0.0
31.6,1095.926772862775,28.427056994023076,8.427056994023076,196.0,98.0,0.0,14.7,14.7,101.0,58.0,6.0,3.5,0.0
31.650000000000002,1176.0973684089724,24.588576148197625,4.588576148197625,196.0,98.0,0.0,14.7,14.7,101.0,58.0,6.0,3.5,0.0
31.700000000000003,1226.374768230572,22.0,2.0,196.0,98.0,0.0,14.7,14.7,101.0,58.0,6.0,3.5,0.0
31.75,1243.4497413018685,22.0,2.0,196.0,98.0,0.0,14.7,14.7,101.0,58.0,6.0,3.5,0.0
31.8,1327.9196836868316,22.0,2.0,196.0,98.0,0.0,14.7,14.7,101.0,58.0,6.0,3.5,0.0
31.85,1361.4354459665803,22.0,2.0,196.0,98.0,0.0,14.7,14.7,101.0,58.0,6.0,3.5,0.0
31.900000000000002,1454.8916466487453,22.0,2.0,196.0,98.0,0.0,14.7,14.7,101.0,58.0,6.0,3.5,0.0
31.950000000000003,1493.3836978284173,22.0,2.0,196.0,98.0,0.0,14.7,14.7,101.0,58.0,6.0,3.5,0.0
32.0,1534.0668327509152,22.0,2.0,196.0,98.0,0.0,14.7,14.7,101.0,58.0,6.0,3.5,0.0
32.050000000000004,1623.3799404257315,22.0,2.0,196.0,98.0,0.0,14.7,14.7,101.0,58.0,6.0,3.5,0.0
32.1,1704.5211896060798,22.0,2.0,196.0,98.0,0.0,14.7,14.7,101.0,58.0,6.0,3.5,0.0
32.15,1847.2908668018035,22.0,2.0,196.0,98.0,0.0,14.7,14.7,101.0,58.0,6.0,3.5,0.0
32.2,1804.7915059135705,22.0,2.0,196.0,98.0,0.0,14.7,14.7,101.0,58.0,6.0,3.5,0.0
32.25,1905.491546088149,22.0,2.0,196.0,98.0,0.0,14.7,14.7,101.0,58.0,6.0,3.5,0.0
32.300000000000004,2021.4286203190939,22.0,2.0,196.0,98.0,0.0,14.7,14.7,101.0,58.0,6.0,3.5,0.0
32.35,1950.2567504676765,22.0,2.0,196.0,98.0,0.0,14.7,14.7,101.0,58.0,6.0,3.5,0.0
32.4,2034.8284916673401,22.0,2.0,196.0,98.0,0.0,14.7,14.7,101.0,58.0,6.0,3.5,0.0
32.45,2128.755080700977,22.0,2.0,196.0,98.0,0.0,14.7,14.7,101.0,58.0,6.0,3.5,0.0
32.5,2243.9622131008346,22.0,2.0,196.0,98.0,0.0,14.7,14.7,101.0,58.0,6.0,3.5,0.0
32.550000000000004,2418.7329148914023,22.0,2.0,196.0,98.0,0.0,14.7,14.7,101.0,58.0,6.0,3.5,0.0
32.6,2409.655253634698,22.0,2.0,196.0,98.0,0.0,14.7,14.7,101.0,58.0,6.0,3.5,0.0
32.65,2515.3471040679133,22.0,2.0,196.0,98.0,0.0,14.7,14.7,101.0,58.0,6.0,3.5,0.0
32.7,2531.2148069528894,22.0,2.0,196.0,98.0,0.0,14.7,14.7,101.0,58.0,6.0,3.5,0.0
32.75,2514.5604141273275,22.0,2.0,196.0,98.0,0.0,14.7,14.7,101.0,58.0,6.0,3.5,0.0
32.800000000000004,2593.4095131201925,22.0,2.0,196.0,98.0,0.0,14.7,14.7,101.0,58.0,6.0,3.5,0.0
32.85,2799.270452200824,22.0,2.0,196.0,98.0,0.0,14.7,14.7,101.0,58.0,6.0,3.5,0.0
32.9,2838.10831245019,22.0,2.0,196.0,98.0,0.0,14.7,14.7,101.0,58.0,6.0,3.5,0.0
32.95,2850.473050527929,22.0,2.0,196.0,98.0,0.0,14.7,14.7,101.0,58.0,6.0,3.5,0.0
33.0,3018.2097188621306,22.0,2.0,196.0,98.0,0.0,14.7,14.7,101.0,58.0,6.0,3.5,0.0
33.050000000000004,2982.362184472843,22.0,2.0,196.0,98.0,0.0,14.7,14.7,101.0,58.0,6.0,3.5,0.0
33.1,3158.8890435670205,22.0,2.0,196.0,98.0,0.0,14.7,14.7,101.0,58.0,6.0,3.5,0.0
33.15,3240.2645066287587,22.0,2.0,196.0,98.0,0.0,14.7,14.7,101.0,58.0,6.0,3.5,0.0
33.2,3219.300388342289,22.0,2.0,196.0,98.0,0.0,14.7,14.7,101.0,58.0,6.0,3.5,0.0
33.25,3272.1419196568636,22.0,2.0,196.0,98.0,0.0,14.7,14.7,101.0,58.0,6.0,3.5,0.0
33.300000000000004,3415.605319071616,22.0,2.0,196.0,98.0,0.0,14.7,14.7,101.0,58.0,6.0,3.5,0.0
33.35,3402.0820050116504,22.0,2.0,196.0,98.0,0.0,14.7,14.7,101.0,58.0,6.0,3.5,0.0
33.4,3543.0312392273986,22.0,2.0,196.0,98.0,0.0,14.7,14.7,101.0,58.0,6.0,3.5,0.0
33.45,3521.9167000914276,22.0,2.0,196.0,98.0,0.0,14.7,14.7,101.0,58.0,6.0,3.5,0.0
33.5,3661.617623671934,22.0,2.0,196.0,98.0,0.0,14.7,14.7,101.0,58.0,6.0,3.5,0.0
33.550000000000004,3690.9870114323635,22.0,2.0,196.0,98.0,0.0,14.7,14.7,101.0,58.0,6.0,3.5,0.0
33.6,3726.0830066948815,22.0,2.0,196.0,98.0,0.0,14.7,14.7,101.0,58.0,6.0,3.5,0.0
33.65,3761.889448813068,22.0,2.0,196.0,98.0,0.0,14.7,14.7,101.0,58.0,6.0,3.5,0.0
33.7,3859.6230584448913,22.0,2.0,196.0,98.0,0.0,14.7,14.7,101.0,58.0,6.0,3.5,0.0
33.75,3824.8199010083586,22.0,2.0,196.0,98.0,0.0,14.7,14.7,101.0,58.0,6.0,3.5,0.0
33.800000000000004,3937.822489021288,22.0,2.0,196.0,98.0,0.0,14.7,14.7,101.0,58.0,6.0,3.5,0.0
33.85,3979.206597324688,22.0,2.0,196.0,98.0,0.0,14.7,14.7,101.0,58.0,6.0,3.5,0.0
33.9,4066.1675254947077,22.0,2.0,196.0,98.0,0.0,14.7,14.7,101.0,58.0,6.0,3.5,0.0
33.95,4030.58428288159,22.0,2.0,196.0,98.0,0.0,14.7,14.7,101.0,58.0,6.0,3.5,0.0
34.0,4188.640511097241,23.885753785510254,3.8857537855102535,196.0,98.0,0.0,14.7,14.7,101.0,58.0,6.0,3.5,0.0
34.050000000000004,4144.609336481935,27.707405565164002,7.707405565164002,196.0,98.0,0.0,14.7,14.7,101.0,58.0,6.0,3.5,0.0
34.1,4146.064459727985,31.61642369430882,11.616423694308821,196.0,98.0,0.0,14.7,14.7,101.0,58.0,6.0,3.5,0.0
34.15,4279.050858496739,35.60473307968989,15.604733079689893,196.0,98.0,0.0,14.7,14.7,101.0,58.0,6.0,3.5,0.0
34.2,4319.592096657573,39.66409483134764,19.66409483134764,196.0,98.0,0.0,14.7,14.7,101.0,58.0,6.0,3.5,0.0
34.25,4272.438135493413,43.7861232821879,23.7861232821879,196.0,98.0,0.0,14.7,14.7,101.0,58.0,6.0,3.5,0.0
34.300000000000004,4268.547526142697,47.96230331075569,27.962303310755694,196.0,98.0,0.0,14.7,14.7,101.0,58.0,6.0,3.5,0.0
34.35,4326.4053909081,52.18400793143326,32.18400793143326,196.0,98.0,0.0,14.7,14.7,101.0,58.0,6.0,3.5,0.0
34.4,4317.019134899209,56.44251611572286,36.44251611572286,196.0,98.0,0.0,14.7,14.7,101.0,58.0,6.0,3.5,0.0
34.45,4348.298180306433,60.729030807796235,40.729030807796235,196.0,98.0,0.0,14.7,14.7,101.0,58.0,6.0,3.5,0.0
34.5,4436.508322212059,65.03469709710318,45.03469709710318,196.0,98.0,0.0,14.7,14.7,101.0,58.0,6.0,3.5,0.0
34.550000000000004,4400.466709591146,69.35062051048914,49.35062051048914,196.0,98.0,0.0,14.7,14.7,101.0,58.0,6.0,3.5,0.0
34.6,4398.4381385979905,73.66788538604304,53.66788538604304,196.0,98.0,0.0,14.7,14.7,101.0,58.0,6.0,3.5,0.0
34.65,4411.495196868333,77.97757329071595,57.97757329071595,196.0,98.0,0.0,14.7,14.7,101.0,58.0,6.0,3.5,0.0
34.7,4397.556604670703,82.27078144366119,62.27078144366119,196.0,98.0,0.0,12.8,12.8,101.0,58.0,6.0,0.0,0.0
34.75,4432.958272092467,86.53864110724388,66.53864110724388,196.0,98.0,0.0,12.8,12.8,101.0,58.0,6.0,0.0,0.0
34.800000000000004,4431.073261042402,90.7723359077253,70.7723359077253,196.0,98.0,0.0,12.8,12.8,101.0,58.0,6.0,0.0,0.0
34.85,4374.914842631282,94.96312004777302,74.96312004777302,196.0,98.0,0.0,12.8,12.8,101.0,58.0,6.0,0.0,0.0
34.9,4384.913828020414,99.1023363731801,79.1023363731801,196.0,98.0,0.0,12.8,12.8,101.0,58.0,6.0,0.0,0.0
34.95,4465.479607481449,103.18143425646886,83.18143425646886,196.0,98.0,0.0,12.8,12.8,101.0,58.0,6.0,0.0,0.0
35.0,4371.259917775211,107.19198726043284,87.19198726043284,196.0,158.0,0.0,12.3,11.6,101.0,44.0,17.0,0.0,0.0
35.050000000000004,4329.679617061804,111.12571054513604,91.12571054513604,196.0,158.0,0.0,12.3,11.6,101.0,44.0,17.0,0.0,0.0
35.1,4399.101934080359,114.97447798240174,94.97447798240174,196.0,158.0,0.0,12.3,11.6,101.0,44.0,17.0,0.0,0.0
35.15,4294.804370190691,118.73033894244382,98.73033894244382,196.0,158.0,0.0,12.3,11.6,101.0,44.0,17.0,0.0,0.0
35.2,4225.193644431801,122.38553471796061,100.0,196.0,158.0,0.0,12.3,11.6,101.0,44.0,17.0,0.0,0.0
35.25,4268.110941048809,125.93251455176016,100.0,196.0,158.0,0.0,12.3,11.6,101.0,44.0,17.0,0.0,0.0
35.300000000000004,4174.601330709955,129.36395123481367,100.0,196.0,158.0,0.0,12.3,11.6,101.0,44.0,17.0,0.0,0.0
35.35,4157.641993028299,132.67275624250976,100.0,196.0,158.0,0.0,12.3,11.6,101.0,44.0,17.0,0.0,0.0
35.4,4155.039177291971,135.8520943778472,100.0,196.0,158.0,0.0,12.3,11.6,101.0,44.0,17.0,0.0,0.0
35.45,4098.942078879378,138.89539789130828,100.0,196.0,158.0,0.0,12.3,11.6,101.0,44.0,17.0,0.0,0.0
35.5,4033.127378166799,141.796380048255,100.0,196.0,158.0,0.0,12.3,11.6,101.0,44.0,17.0,0.0,0.0
35.550000000000004,3998.969834053729,144.5490481158135,100.0,196.0,158.0,0.0,12.3,11.6,101.0,44.0,17.0,0.0,0.0
35.6,3952.3645779176995,147.14771574242184,100.0,196.0,158.0,0.0,12.3,11.6,101.0,44.0,17.0,0.0,0.0
35.65,3975.655286520227,149.58701470446724,100.0,196.0,158.0,0.0,12.3,11.6,101.0,44.0,17.0,0.0,0.0
35.7,3850.9623738979944,151.86190599574905,100.0,196.0,158.0,2.0,12.3,11.6,101.0,44.0,17.0,0.0,0.0
35.75,3805.667297716489,153.9676902368539,100.0,196.0,158.0,2.0,12.3,11.6,101.0,44.0,17.0,0.0,0.0
35.800000000000004,3856.878835400573,155.90001738294728,100.0,196.0,158.0,2.0,12.3,11.6,101.0,44.0,17.0,0.0,0.0
35.85,3698.0963160186634,157.65489570992162,100.0,196.0,158.0,2.0,12.3,11.6,101.0,44.0,17.0,0.0,0.0
35.9,3722.9209494815386,159.22870006034015,100.0,196.0,158.0,2.0,12.3,11.6,101.0,44.0,17.0,0.0,0.0
35.95,3657.3501699949616,160.61817933214283,100.0,196.0,158.0,2.0,12.3,11.6,101.0,44.0,17.0,0.0,0.0
36.0,3538.353456764493,161.82046319464172,100.0,196.0,158.0,2.0,12.3,11.6,101.0,44.0,17.0,0.0,0.0
36.050000000000004,3425.8856340205566,162.83306801793606,100.0,196.0,158.0,2.0,12.3,11.6,101.0,44.0,17.0,0.0,0.0
36.1,3437.526156644926,163.65390200349538,100.0,196.0,158.0,2.0,12.3,11.6,101.0,44.0,17.0,0.0,0.0
36.15,3381.6970015097995,164.28126950531322,100.0,196.0,158.0,2.0,12.3,11.6,101.0,44.0,17.0,0.0,0.0
36.2,3327.6222527493387,164.7138745327048,100.0,196.0,158.0,2.0,12.3,11.6,101.0,44.0,17.0,0.0,0.0
36.25,3224.739037961996,164.9508234275128,100.0,196.0,158.0,2.0,12.3,11.6,101.0,44.0,17.0,0.0,0.0
36.300000000000004,3201.931049399519,164.9916267101904,100.0,196.0,158.0,2.0,12.3,11.6,101.0,44.0,17.0,0.0,0.0
36.35,3140.2816110650774,164.8362000909487,100.0,196.0,158.0,2.0,12.3,11.6,101.0,44.0,17.0,0.0,0.0
36.4,2972.5457161507593,164.4848646438793,100.0,196.0,158.0,2.0,12.3,11.6,101.0,44.0,17.0,0.0,0.0
36.45,3001.1929333329863,163.93834614369217,100.0,196.0,158.0,2.0,12.3,11.6,101.0,44.0,17.0,0.0,0.0
36.5,2879.6307548923364,163.19777356643903,100.0,196.0,158.0,2.0,12.3,11.6,101.0,44.0,17.0,0.0,0.0
36.550000000000004,2778.103770106615,162.26467675732042,100.0,196.0,158.0,2.0,12.3,11.6,101.0,44.0,17.0,0.0,0.0
36.6,2715.6280775906675,161.1409832703921,100.0,196.0,158.0,2.0,12.3,11.6,101.0,44.0,17.0,0.0,0.0
36.65,2730.777938229866,159.82901438670126,100.0,196.0,158.0,2.0,12.3,11.6,101.0,44.0,17.0,0.0,0.0
36.7,2622.1078573760938,158.3314803190771,100.0,196.0,158.0,2.0,12.3,11.6,101.0,44.0,17.0,0.0,0.0
36.75,2438.1340343829593,156.65147461348158,100.0,196.0,158.0,2.0,12.3,11.6,101.0,44.0,17.0,0.0,0.0
36.800000000000004,2439.969046380079,154.79246775848515,100.0,196.0,158.0,2.0,12.3,11.6,101.0,44.0,17.0,0.0,0.0
36.85,2358.065351271775,152.75830001607176,100.0,196.0,158.0,2.0,12.3,11.6,101.0,44.0,17.0,0.0,0.0
36.9,2283.8661240261117,150.5531734885782,100.0,196.0,158.0,2.0,12.3,11.6,101.0,44.0,17.0,0.0,0.0
36.95,2197.9029682822893,148.1816434381597,100.0,196.0,158.0,0.0,12.3,11.6,101.0,44.0,17.0,0.0,0.0
37.0,2088.1331543593933,145.64860887671182,100.0,196.0,158.0,0.0,12.3,11.6,101.0,44.0,17.0,0.0,0.0
37.050000000000004,2109.33005615332,142.95930244568603,100.0,196.0,158.0,0.0,12.3,11.6,101.0,44.0,17.0,0.0,0.0
37.1,1966.3845858110637,140.11927960671105,100.0,196.0,158.0,0.0,12.3,11.6,101.0,44.0,17.0,0.0,0.0
37.15,1919.012101338697,137.13440716534052,100.0,196.0,158.0,0.0,12.3,11.6,101.0,44.0,17.0,0.0,0.0
37.2,1840.3973549536486,134.01085115164153,100.0,196.0,158.0,0.0,12.3,11.6,101.0,44.0,17.0,0.0,0.0
37.25,1766.9988155201347,130.7550640826562,100.0,196.0,158.0,0.0,12.3,11.6,101.0,44.0,17.0,0.0,0.0
37.300000000000004,1758.5013683327518,127.37377163305072,100.0,196.0,158.0,0.0,12.3,11.6,101.0,44.0,17.0,0.0,0.0
37.35,1677.923727659767,123.87395874148368,100.0,196.0,158.0,0.0,12.3,11.6,101.0,44.0,17.0,0.0,0.0
37.4,1570.6458009710927,120.26285518140227,100.0,196.0,158.0,0.0,12.3,11.6,101.0,44.0,17.0,0.0,0.0
37.45,1496.1940722023212,116.54792062606356,96.54792062606356,196.0,158.0,0.0,12.3,11.6,101.0,44.0,17.0,0.0,0.0
37.5,1453.0129948750282,112.73682923864042,92.73682923864042,196.0,158.0,0.0,12.3,11.6,101.0,44.0,17.0,0.0,0.0
37.550000000000004,1449.7944437169042,108.83745381924292,88.83745381924292,196.0,158.0,0.0,12.3,11.6,101.0,44.0,17.0,0.0,0.0
37.6,1357.0848172523988,104.85784954160034,84.85784954160034,196.0,98.0,0.0,12.8,12.8,101.0,58.0,6.0,0.0,0.0
37.65,1304.0037401016896,100.80623731300928,80.80623731300928,196.0,98.0,0.0,12.8,12.8,101.0,58.0,6.0,0.0,0.0
37.7,1225.9690732728131,96.69098679190978,76.69098679190978,196.0,98.0,0.0,12.8,12.8,101.0,58.0,6.0,0.0,0.0
37.75,1175.060644259875,92.5205990981805,72.5205990981805,196.0,98.0,0.0,12.8,12.8,101.0,58.0,6.0,0.0,0.0
37.800000000000004,1142.2623212391327,88.30368925186526,68.30368925186526,196.0,98.0,0.0,12.8,12.8,101.0,58.0,6.0,0.0,0.0
37.85,1010.1093348957866,84.0489683766101,64.0489683766101,196.0,98.0,0.0,12.8,12.8,101.0,58.0,6.0,0.0,0.0
37.9,1100.669066553786,79.7652257045698,59.7652257045698,196.0,98.0,0.0,14.7,14.7,101.0,58.0,6.0,3.5,0.0
37.95,959.1865440607256,75.46131041996783,55.46131041996783,196.0,98.0,0.0,14.7,14.7,101.0,58.0,6.0,3.5,0.0
38.0,924.6976832927913,71.14611337880294,51.14611337880294,196.0,98.0,0.0,14.7,14.7,101.0,58.0,6.0,3.5,0.0
38.050000000000004,960.0045297788221,66.82854874247519,46.82854874247519,196.0,98.0,0.0,14.7,14.7,101.0,58.0,6.0,3.5,0.0
38.1,900.0,62.51753556326869,42.51753556326869,196.0,98.0,0.0,14.7,14.7,101.0,58.0,6.0,3.5,0.0
38.15,900.0,58.22197935972753,38.22197935972753,196.0,98.0,0.0,14.7,14.7,101.0,58.0,6.0,3.5,0.0
38.2,900.0,53.9507537199959,33.9507537199959,196.0,98.0,0.0,14.7,14.7,101.0,58.0,6.0,3.5,0.0
38.25,900.0,49.712681971112055,29.712681971112055,196.0,98.0,0.0,14.7,14.7,101.0,58.0,6.0,3.5,0.0
38.300000000000004,900.0,45.516518952133,25.516518952132998,196.0,98.0,0.0,14.7,14.7,101.0,58.0,6.0,3.5,0.0
38.35,900.0,41.37093292873822,21.37093292873822,196.0,98.0,0.0,14.7,14.7,101.0,58.0,6.0,3.5,0.0
38.400000000000006,900.0,37.28448768667393,17.284487686673927,196.0,98.0,0.0,14.7,14.7,101.0,58.0,6.0,3.5,0.0
38.45,900.0,33.2656248410245,13.265624841024497,196.0,98.0,0.0,14.7,14.7,101.0,58.0,6.0,3.5,0.0
38.5,900.0,29.322646397865654,9.322646397865654,196.0,98.0,0.0,14.7,14.7,101.0,58.0,6.0,3.5,0.0
38.550000000000004,900.0,25.46369760430987,5.463697604309871,196.0,98.0,0.0,14.7,14.7,101.0,58.0,6.0,3.5,0.0
38.6,900.0,22.0,2.0,196.0,98.0,0.0,14.7,14.7,101.0,58.0,6.0,3.5,0.0
38.650000000000006,900.0,22.0,2.0,196.0,98.0,0.0,14.7,14.7,101.0,58.0,6.0,3.5,0.0
38.7,900.0,22.0,2.0,196.0,98.0,0.0,14.7,14.7,101.0,58.0,6.0,3.5,0.0
38.75,900.0,22.0,2.0,196.0,98.0,0.0,14.7,14.7,101.0,58.0,6.0,3.5,0.0
38.800000000000004,900.0,22.0,2.0,196.0,98.0,0.0,14.7,14.7,101.0,58.0,6.0,3.5,0.0
38.85,900.0,22.0,2.0,196.0,98.0,0.0,14.7,14.7,101.0,58.0,6.0,3.5,0.0
38.900000000000006,900.0,22.0,2.0,196.0,98.0,0.0,14.7,14.7,101.0,58.0,6.0,3.5,0.0
38.95,900.0,22.0,2.0,196.0,98.0,0.0,14.7,14.7,101.0,58.0,6.0,3.5,0.0
39.0,900.0,22.0,2.0,196.0,98.0,0.0,14.7,14.7,101.0,58.0,6.0,3.5,0.0
39.050000000000004,900.0,22.0,2.0,196.0,98.0,0.0,14.7,14.7,101.0,58.0,6.0,3.5,0.0
39.1,900.0,22.0,2.0,196.0,98.0,0.0,14.7,14.7,101.0,58.0,6.0,3.5,0.0
39.150000000000006,900.0,22.0,2.0,196.0,98.0,0.0,14.7,14.7,101.0,58.0,6.0,3.5,0.0
39.2,900.0,22.0,2.0,196.0,98.0,0.0,14.7,14.7,101.0,58.0,6.0,3.5,0.0
39.25,900.0,22.0,2.0,196.0,98.0,0.0,14.7,14.7,101.0,58.0,6.0,3.5,0.0
39.300000000000004,900.0,22.0,2.0,196.0,98.0,0.0,14.7,14.7,101.0,58.0,6.0,3.5,0.0
39.35,900.0,22.0,2.0,196.0,98.0,0.0,14.7,14.7,101.0,58.0,6.0,3.5,0.0
39.400000000000006,900.0,22.0,2.0,196.0,98.0,0.0,14.7,14.7,101.0,58.0,6.0,3.5,0.0
39.45,900.0,22.0,2.0,196.0,98.0,0.0,14.7,14.7,101.0,58.0,6.0,3.5,0.0
39.5,900.0,22.0,2.0,196.0,98.0,0.0,14.7,14.7,101.0,58.0,6.0,3.5,0.0
39.550000000000004,900.0,22.0,2.0,196.0,98.0,0.0,14.7,14.7,101.0,58.0,6.0,3.5,0.0
39.6,994.8551770948936,22.0,2.0,196.0,98.0,0.0,14.7,14.7,101.0,58.0,6.0,3.5,0.0
39.650000000000006,980.6078143394558,22.0,2.0,196.0,98.0,0.0,14.7,14.7,101.0,58.0,6.0,3.5,0.0
39.7,1006.3217593614066,22.0,2.0,196.0,98.0,0.0,14.7,14.7,101.0,58.0,6.0,3.5,0.0
39.75,1085.3076706305023,22.0,2.0,196.0,98.0,0.0,14.7,14.7,101.0,58.0,6.0,3.5,0.0
39.800000000000004,1184.47392391076,22.0,2.0,196.0,98.0,0.0,14.7,14.7,101.0,58.0,6.0,3.5,0.0
39.85,1132.6049959701638,22.0,2.0,196.0,98.0,0.0,14.7,14.7,101.0,58.0,6.0,3.5,0.0
39.900000000000006,1226.6559989070188,22.0,2.0,196.0,98.0,0.0,14.7,14.7,101.0,58.0,6.0,3.5,0.0
39.95,1242.350810028598,22.0,2.0,196.0,98.0,0.0,14.7,14.7,101.0,58.0,6.0,3.5,0.0
40.0,1442.03616550786,22.0,2.0,196.0,98.0,0.0,14.7,14.7,101.0,58.0,6.0,3.5,0.0
40.050000000000004,1487.0361941852152,22.0,2.0,196.0,98.0,0.0,14.7,14.7,101.0,58.0,6.0,3.5,0.0
40.1,1513.1092252359122,22.0,2.0,196.0,98.0,0.0,14.7,14.7,101.0,58.0,6.0,3.5,0.0
40.150000000000006,1532.0020004266307,22.0,2.0,196.0,98.0,0.0,14.7,14.7,101.0,58.0,6.0,3.5,0.0
40.2,1627.4023307595182,22.0,2.0,196.0,98.0,0.0,14.7,14.7,101.0,58.0,6.0,3.5,0.0
40.25,1581.9855906083237,22.0,2.0,196.0,98.0,0.0,14.7,14.7,101.0,58.0,6.0,3.5,0.0
40.300000000000004,1743.3855448851348,22.0,2.0,196.0,98.0,0.0,14.7,14.7,101.0,58.0,6.0,3.5,0.0
40.35,1746.2796768889511,22.0,2.0,196.0,98.0,0.0,14.7,14.7,101.0,58.0,6.0,3.5,0.0
40.400000000000006,1815.1689649464145,22.0,2.0,196.0,98.0,0.0,14.7,14.7,101.0,58.0,6.0,3.5,0.0
40.45,1909.338992103571,22.0,2.0,196.0,98.0,0.0,14.7,14.7,101.0,58.0,6.0,3.5,0.0
40.5,1993.719466607695,22.0,2.0,196.0,98.0,0.0,14.7,14.7,101.0,58.0,6.0,3.5,0.0
40.550000000000004,2101.625137191057,22.0,2.0,196.0,98.0,0.0,14.7,14.7,101.0,58.0,6.0,3.5,0.0
40.6,2178.2349608193845,22.0,2.0,196.0,98.0,0.0,14.7,14.7,101.0,58.0,6.0,3.5,0.0
40.650000000000006,2232.78353773008,22.0,2.0,196.0,98.0,0.0,14.7,14.7,101.0,58.0,6.0,3.5,0.0
40.7,2256.9827774038786,22.0,2.0,196.0,98.0,0.0,14.7,14.7,101.0,58.0,6.0,3.5,0.0
40.75,2394.5788967977655,22.0,2.0,196.0,98.0,0.0,14.7,14.7,101.0,58.0,6.0,3.5,0.0
40.800000000000004,2435.6806535406713,22.0,2.0,196.0,98.0,0.0,14.7,14.7,101.0,58.0,6.0,3.5,0.0
40.85,2560.7947739980896,22.0,2.0,196.0,98.0,0.0,14.7,14.7,101.0,58.0,6.0,3.5,0.0
40.900000000000006,2549.9473865154437,23.019677701621404,3.0196777016214043,196.0,98.0,0.0,14.7,14.7,101.0,58.0,6.0,3.5,0.0
40.95,2549.022462358778,26.820104491823052,6.820104491823052,196.0,98.0,0.0,14.7,14.7,101.0,58.0,6.0,3.5,0.0
41.0,2713.165957349991,30.709730582572575,10.709730582572575,196.0,98.0,0.0,14.7,14.7,101.0,58.0,6.0,3.5,0.0
41.050000000000004,2890.6242254389176,34.68052093991251,14.680520939912512,196.0,98.0,0.0,14.7,14.7,101.0,58.0,6.0,3.5,0.0
41.1,2895.222042708293,38.724272863990805,18.724272863990805,196.0,98.0,0.0,14.7,14.7,101.0,58.0,6.0,3.5,0.0
41.150000000000006,2940.021416049419,42.83263293386932,22.83263293386932,196.0,98.0,0.0,14.7,14.7,101.0,58.0,6.0,3.5,0.0
41.2,3053.8097329342313,46.997114263689156,26.997114263689156,196.0,98.0,0.0,14.7,14.7,101.0,58.0,6.0,3.5,0.0
41.25,3108.494412826342,51.209114034536086,31.209114034536086,196.0,98.0,0.0,14.7,14.7,101.0,58.0,6.0,3.5,0.0
41.300000000000004,3175.8533416148475,55.459931265802226,35.459931265802226,196.0,98.0,0.0,14.7,14.7,101.0,58.0,6.0,3.5,0.0
41.35,3204.9180749345214,59.74078478932301,39.74078478932301,196.0,98.0,0.0,14.7,14.7,101.0,58.0,6.0,3.5,0.0
41.400000000000006,3295.4939184877944,64.04283138916237,44.04283138916237,196.0,98.0,0.0,14.7,14.7,101.0,58.0,6.0,3.5,0.0
41.45,3366.3098196691944,68.35718406957716,48.35718406957716,196.0,98.0,0.0,14.7,14.7,101.0,58.0,6.0,3.5,0.0
41.5,3397.101269109752,72.67493041341325,52.67493041341325,196.0,98.0,0.0,14.7,14.7,101.0,58.0,6.0,3.5,0.0
41.550000000000004,3441.239202133456,76.98715099302314,56.987150993023135,196.0,98.0,0.0,14.7,14.7,101.0,58.0,6.0,3.5,0.0
41.6,3553.2716008008524,81.28493779566193,61.28493779566193,196.0,98.0,0.0,12.8,12.8,101.0,58.0,6.0,0.0,0.0
41.650000000000006,3646.6213087341725,85.55941262530375,65.55941262530375,196.0,98.0,0.0,12.8,12.8,101.0,58.0,6.0,0.0,0.0
41.7,3692.309406410875,89.80174544286314,69.80174544286314,196.0,98.0,0.0,12.8,12.8,101.0,58.0,6.0,0.0,0.0
41.75,3742.985010669572,94.00317260693926,74.00317260693926,196.0,98.0,0.0,12.8,12.8,101.0,58.0,6.0,0.0,0.0
41.800000000000004,3798.397895604247,98.1550149773916,78.1550149773916,196.0,98.0,0.0,12.8,12.8,101.0,58.0,6.0,0.0,0.0
41.85,3934.694164841487,102.24869584436318,82.24869584436318,196.0,98.0,0.0,12.8,12.8,101.0,58.0,6.0,0.0,0.0
41.900000000000006,3892.8689769230637,106.27575864570387,86.27575864570387,196.0,158.0,0.0,12.3,11.6,101.0,44.0,17.0,0.0,0.0
41.95,3973.249896179707,110.22788443619761,90.22788443619761,196.0,158.0,0.0,12.3,11.6,101.0,44.0,17.0,0.0,0.0
42.0,4056.829672682564,114.096909072509,94.096909072509,196.0,158.0,0.0,12.3,11.6,101.0,44.0,17.0,0.0,0.0
42.050000000000004,4025.4585708136055,117.8748400783403,97.8748400783403,196.0,158.0,0.0,12.3,11.6,101.0,44.0,17.0,0.0,0.0
42.1,4076.4544434243585,121.55387315497165,100.0,196.0,158.0,0.0,12.3,11.6,101.0,44.0,17.0,0.0,0.0
42.150000000000006,4147.8562019218825,125.12640830306849,100.0,196.0,158.0,0.0,12.3,11.6,101.0,44.0,17.0,0.0,0.0
42.2,4211.4463858814615,128.58506552245615,100.0,196.0,158.0,0.0,12.3,11.6,101.0,44.0,17.0,0.0,0.0
42.25,4191.87801693194,131.9227000574284,100.0,196.0,158.0,0.0,12.3,11.6,101.0,44.0,17.0,0.0,0.0
42.300000000000004,4226.804522261951,135.1324171561,100.0,196.0,158.0,0.0,12.3,11.6,101.0,44.0,17.0,0.0,0.0
42.35,4246.314745274279,138.2075863133062,100.0,196.0,158.0,0.0,12.3,11.6,101.0,44.0,17.0,0.0,0.0
42.400000000000006,4222.276934379708,141.14185496763707,100.0,196.0,158.0,0.0,12.3,11.6,101.0,44.0,17.0,0.0,0.0
42.45,4340.408595126143,143.9291616243043,100.0,196.0,158.0,0.0,12.3,11.6,101.0,44.0,17.0,0.0,0.0
42.5,4308.146872547912,146.56374837673394,100.0,196.0,158.0,0.0,12.3,11.6,101.0,44.0,17.0,0.0,0.0
42.550000000000004,4269.352278500063,149.04017280102138,100.0,196.0,158.0,0.0,12.3,11.6,101.0,44.0,17.0,0.0,0.0
42.6,4349.473722001531,151.3533191986703,100.0,196.0,158.0,2.0,12.3,11.6,101.0,44.0,17.0,0.0,0.0
42.650000000000006,4300.550706137406,153.4984091643995,100.0,196.0,158.0,2.0,12.3,11.6,101.0,44.0,17.0,0.0,0.0
42.7,4341.071385598495,155.4710114571812,100.0,196.0,158.0,2.0,12.3,11.6,101.0,44.0,17.0,0.0,0.0
42.75,4390.9473215832695,157.26705115412108,100.0,196.0,158.0,2.0,12.3,11.6,101.0,44.0,17.0,0.0,0.0
42.800000000000004,4359.4760023416475,158.8828180682711,100.0,196.0,158.0,2.0,12.3,11.6,101.0,44.0,17.0,0.0,0.0
42.85,4442.410399419595,160.31497441298615,100.0,196.0,158.0,2.0,12.3,11.6,101.0,44.0,17.0,0.0,0.0
42.900000000000006,4341.266961999001,161.56056169698834,100.0,196.0,158.0,2.0,12.3,11.6,101.0,44.0,17.0,0.0,0.0
42.95,4408.222836329588,162.6170068359014,100.0,196.0,158.0,2.0,12.3,11.6,101.0,44.0,17.0,0.0,0.0
43.0,4414.846688381911,163.48212746762488,100.0,196.0,158.0,2.0,12.3,11.6,101.0,44.0,17.0,0.0,0.0
43.050000000000004,4442.994395961837,164.15413646057044,100.0,196.0,158.0,2.0,12.3,11.6,101.0,44.0,17.0,0.0,0.0
43.1,4410.726886202495,164.6316456054472,100.0,196.0,158.0,2.0,12.3,11.6,101.0,44.0,17.0,0.0,0.0
43.150000000000006,4369.6375315952955,164.91366848296835,100.0,196.0,158.0,2.0,12.3,11.6,101.0,44.0,17.0,0.0,0.0
43.2,4347.246509165664,164.99962250155696,100.0,196.0,158.0,2.0,12.3,11.6,101.0,44.0,17.0,0.0,0.0
43.25,4322.681473003654,164.88933010084043,100.0,196.0,158.0,2.0,12.3,11.6,101.0,44.0,17.0,0.0,0.0
43.300000000000004,4348.866045459474,164.5830191184474,100.0,196.0,158.0,2.0,12.3,11.6,101.0,44.0,17.0,0.0,0.0
43.35,4252.672592717553,164.08132231935016,100.0,196.0,158.0,2.0,12.3,11.6,101.0,44.0,17.0,0.0,0.0
43.400000000000006,4272.780857221988,163.38527608872366,100.0,196.0,158.0,2.0,12.3,11.6,101.0,44.0,17.0,0.0,0.0
43.45,4218.60225312728,162.49631829102293,100.0,196.0,158.0,2.0,12.3,11.6,101.0,44.0,17.0,0.0,0.0
43.5,4199.832318088203,161.41628529969995,100.0,196.0,158.0,2.0,12.3,11.6,101.0,44.0,17.0,0.0,0.0
43.550000000000004,4145.070545100691,160.14740820369695,100.0,196.0,158.0,2.0,12.3,11.6,101.0,44.0,17.0,0.0,0.0
43.6,4203.8824445604505,158.69230819855238,100.0,196.0,158.0,2.0,12.3,11.6,101.0,44.0,17.0,0.0,0.0
43.650000000000006,4052.7062884203447,157.05399117163898,100.0,196.0,158.0,2.0,12.3,11.6,101.0,44.0,17.0,0.0,0.0
43.7,4047.301230200051,155.23584149272347,100.0,196.0,158.0,2.0,12.3,11.6,101.0,44.0,17.0,0.0,0.0
43.75,4004.1246633511887,153.2416150226698,100.0,196.0,158.0,2.0,12.3,11.6,101.0,44.0,17.0,0.0,0.0
43.800000000000004,3971.1110917014353,151.07543135473242,100.0,196.0,158.0,2.0,12.3,11.6,101.0,44.0,17.0,0.0,0.0
43.85,3916.3649242334063,148.74176530446528,100.0,196.0,158.0,0.0,12.3,11.6,101.0,44.0,17.0,0.0,0.0
43.900000000000006,3864.8217100015204,146.24543766582732,100.0,196.0,158.0,0.0,12.3,11.6,101.0,44.0,17.0,0.0,0.0
43.95,3834.612877424002,143.5916052525776,100.0,196.0,158.0,0.0,12.3,11.6,101.0,44.0,17.0,0.0,0.0
44.0,3680.719697175388,140.78575024553814,100.0,196.0,158.0,0.0,12.3,11.6,101.0,44.0,17.0,0.0,0.0
44.050000000000004,3685.062288322159,137.8336688677224,100.0,196.0,158.0,0.0,12.3,11.6,101.0,44.0,17.0,0.0,0.0
44.1,3577.316710075514,134.74145941073027,100.0,196.0,158.0,0.0,12.3,11.6,101.0,44.0,17.0,0.0,0.0
44.150000000000006,3576.2931101880067,131.51550963714178,100.0,196.0,158.0,0.0,12.3,11.6,101.0,44.0,17.0,0.0,0.0
44.2,3458.4328150915717,128.16248358493047,100.0,196.0,158.0,0.0,12.3,11.6,101.0,44.0,17.0,0.0,0.0
44.25,3404.6053357408136,124.68930780116364,100.0,196.0,158.0,0.0,12.3,11.6,101.0,44.0,17.0,0.0,0.0
44.300000000000004,3376.455050457917,121.10315703341642,100.0,196.0,158.0,0.0,12.3,11.6,101.0,44.0,17.0,0.0,0.0
44.35,3369.306359919647,117.41143940846582,97.41143940846582,196.0,158.0,0.0,12.3,11.6,101.0,44.0,17.0,0.0,0.0
44.400000000000006,3269.917082665427,113.62178112887881,93.62178112887881,196.0,158.0,0.0,12.3,11.6,101.0,44.0,17.0,0.0,0.0
44.45,3190.951884607343,109.74201071910876,89.74201071910876,196.0,158.0,0.0,12.3,11.6,101.0,44.0,17.0,0.0,0.0
44.5,3166.48248473382,105.78014285364051,85.78014285364051,196.0,158.0,0.0,12.3,11.6,101.0,44.0,17.0,0.0,0.0
44.550000000000004,3002.901793664031,101.74436180059996,81.74436180059996,196.0,98.0,0.0,12.8,12.8,101.0,58.0,6.0,0.0,0.0
44.6,2886.5879020189486,97.64300451501812,77.64300451501812,196.0,98.0,0.0,12.8,12.8,101.0,58.0,6.0,0.0,0.0
44.650000000000006,2882.1825835028603,93.48454341668358,73.48454341668358,196.0,98.0,0.0,12.8,12.8,101.0,58.0,6.0,0.0,0.0
44.7,2816.28440555725,89.2775688881572,69.2775688881572,196.0,98.0,0.0,12.8,12.8,101.0,58.0,6.0,0.0,0.0
44.75,2804.593005666043,85.03077152910107,65.03077152910107,196.0,98.0,0.0,12.8,12.8,101.0,58.0,6.0,0.0,0.0
44.800000000000004,2768.18542533334,80.7529242035892,60.7529242035892,196.0,98.0,0.0,12.8,12.8,101.0,58.0,6.0,0.0,0.0
44.85,2556.572854720639,76.45286391747342,56.45286391747342,196.0,98.0,0.0,14.7,14.7,101.0,58.0,6.0,3.5,0.0
44.900000000000006,2635.843602419689,72.13947356325082,52.13947356325082,196.0,98.0,0.0,14.7,14.7,101.0,58.0,6.0,3.5,0.0
44.95,2526.25745582239,67.82166357013988,47.821663570139876,196.0,98.0,0.0,14.7,14.7,101.0,58.0,6.0,3.5,0.0
45.0,2424.2080990544177,63.50835349727292,43.50835349727292,196.0,98.0,0.0,14.7,14.7,101.0,58.0,6.0,3.5,0.0
45.050000000000004,2332.5339966335564,59.20845360802506,39.20845360802506,196.0,98.0,0.0,14.7,14.7,101.0,58.0,6.0,3.5,0.0
45.1,2342.272039494933,54.93084646355265,34.93084646355265,196.0,98.0,0.0,14.7,14.7,101.0,58.0,6.0,3.5,0.0
45.150000000000006,2176.2441786232166,50.6843685735511,30.684368573551097,196.0,98.0,0.0,14.7,14.7,101.0,58.0,6.0,3.5,0.0
45.2,2082.3520954173455,46.47779214214742,26.477792142147422,196.0,98.0,0.0,14.7,14.7,101.0,58.0,6.0,3.5,0.0
45.25,2035.7329259315868,42.31980694663251,22.31980694663251,196.0,98.0,0.0,14.7,14.7,101.0,58.0,6.0,3.5,0.0
45.300000000000004,1904.963836050647,38.21900238646431,18.21900238646431,196.0,98.0,0.0,14.7,14.7,101.0,58.0,6.0,3.5,0.0
45.35,1908.9797284532976,34.18384973963398,14.183849739633978,196.0,98.0,0.0,14.7,14.7,101.0,58.0,6.0,3.5,0.0
45.400000000000006,1816.9740153180035,30.22268466303612,10.22268466303612,196.0,98.0,0.0,14.7,14.7,101.0,58.0,6.0,3.5,0.0
45.45,1766.8613190870817,26.34368997300293,6.343689973002931,196.0,98.0,0.0,14.7,14.7,101.0,58.0,6.0,3.5,0.0
45.5,1701.4223372631568,22.554878741569645,2.5548787415696452,196.0,98.0,0.0,14.7,14.7,101.0,58.0,6.0,3.5,0.0
45.550000000000004,1579.2401883698672,22.0,2.0,196.0,98.0,0.0,14.7,14.7,101.0,58.0,6.0,3.5,0.0
45.6,1610.1236753870355,22.0,2.0,196.0,98.0,0.0,14.7,14.7,101.0,58.0,6.0,3.5,0.0
45.650000000000006,1454.1578907281582,22.0,2.0,196.0,98.0,0.0,14.7,14.7,101.0,58.0,6.0,3.5,0.0
45.7,1469.040847364081,22.0,2.0,196.0,98.0,0.0,14.7,14.7,101.0,58.0,6.0,3.5,0.0
45.75,1310.1232322390736,22.0,2.0,196.0,98.0,0.0,14.7,14.7,101.0,58.0,6.0,3.5,0.0
45.800000000000004,1330.727795197836,22.0,2.0,196.0,98.0,0.0,14.7,14.7,101.0,58.0,6.0,3.5,0.0
45.85,1226.828890282767,22.0,2.0,196.0,98.0,0.0,14.7,14.7,101.0,58.0,6.0,3.5,0.0
45.900000000000006,1206.9354898751192,22.0,2.0,196.0,98.0,0.0,14.7,14.7,101.0,58.0,6.0,3.5,0.0
45.95,1126.687348767022,22.0,2.0,196.0,98.0,0.0,14.7,14.7,101.0,58.0,6.0,3.5,0.0
46.0,1014.9207418554636,22.0,2.0,196.0,98.0,0.0,14.7,14.7,101.0,58.0,6.0,3.5,0.0
46.050000000000004,1009.2411150396082,22.0,2.0,196.0,98.0,0.0,14.7,14.7,101.0,58.0,6.0,3.5,0.0
46.1,1010.293062247184,22.0,2.0,196.0,98.0,0.0,14.7,14.7,101.0,58.0,6.0,3.5,0.0
46.150000000000006,988.4301371314102,22.0,2.0,196.0,98.0,0.0,14.7,14.7,101.0,58.0,6.0,3.5,0.0
46.2,900.0,22.0,2.0,196.0,98.0,0.0,14.7,14.7,101.0,58.0,6.0,3.5,0.0
46.25,900.0,22.0,2.0,196.0,98.0,0.0,14.7,14.7,101.0,58.0,6.0,3.5,0.0
46.300000000000004,900.0,22.0,2.0,196.0,98.0,0.0,14.7,14.7,101.0,58.0,6.0,3.5,0.0
46.35,900.0,22.0,2.0,196.0,98.0,0.0,14.7,14.7,101.0,58.0,6.0,3.5,0.0
46.400000000000006,900.0,22.0,2.0,196.0,98.0,0.0,14.7,14.7,101.0,58.0,6.0,3.5,0.0
46.45,900.0,22.0,2.0,196.0,98.0,0.0,14.7,14.7,101.0,58.0,6.0,3.5,0.0
46.5,900.0,22.0,2.0,196.0,98.0,0.0,14.7,14.7,101.0,58.0,6.0,3.5,0.0
46.550000000000004,900.0,22.0,2.0,196.0,98.0,0.0,14.7,14.7,101.0,58.0,6.0,3.5,0.0
46.6,900.0,22.0,2.0,196.0,98.0,0.0,14.7,14.7,101.0,58.0,6.0,3.5,0.0
46.650000000000006,900.0,22.0,2.0,196.0,98.0,0.0,14.7,14.7,101.0,58.0,6.0,3.5,0.0
46.7,900.0,22.0,2.0,196.0,98.0,0.0,14.7,14.7,101.0,58.0,6.0,3.5,0.0
46.75,900.0,22.0,2.0,196.0,98.0,0.0,14.7,14.7,101.0,58.0,6.0,3.5,0.0
46.800000000000004,900.0,22.0,2.0,196.0,98.0,0.0,14.7,14.7,101.0,58.0,6.0,3.5,0.0
46.85,900.0,22.0,2.0,196.0,98.0,0.0,14.7,14.7,101.0,58.0,6.0,3.5,0.0
46.900000000000006,900.0,22.0,2.0,196.0,98.0,0.0,14.7,14.7,101.0,58.0,6.0,3.5,0.0
46.95,900.0,22.0,2.0,196.0,98.0,0.0,14.7,14.7,101.0,58.0,6.0,3.5,0.0
47.0,900.0,22.0,2.0,196.0,98.0,0.0,14.7,14.7,101.0,58.0,6.0,3.5,0.0
47.050000000000004,900.0,22.0,2.0,196.0,98.0,0.0,14.7,14.7,101.0,58.0,6.0,3.5,0.0
47.1,900.0,22.0,2.0,196.0,98.0,0.0,14.7,14.7,101.0,58.0,6.0,3.5,0.0
47.150000000000006,900.0,22.0,2.0,196.0,98.0,0.0,14.7,14.7,101.0,58.0,6.0,3.5,0.0
47.2,900.0,22.0,2.0,196.0,98.0,0.0,14.7,14.7,101.0,58.0,6.0,3.5,0.0
47.25,900.0,22.0,2.0,196.0,98.0,0.0,14.7,14.7,101.0,58.0,6.0,3.5,0.0
47.300000000000004,900.0,22.0,2.0,196.0,98.0,0.0,14.7,14.7,101.0,58.0,6.0,3.5,0.0
47.35,900.0,22.0,2.0,196.0,98.0,0.0,14.7,14.7,101.0,58.0,6.0,3.5,0.0
47.400000000000006,900.0,22.0,2.0,196.0,98.0,0.0,14.7,14.7,101.0,58.0,6.0,3.5,0.0
47.45,900.0,22.0,2.0,196.0,98.0,0.0,14.7,14.7,101.0,58.0,6.0,3.5,0.0
47.5,900.0,22.0,2.0,196.0,98.0,0.0,14.7,14.7,101.0,58.0,6.0,3.5,0.0
47.550000000000004,900.0,22.0,2.0,196.0,98.0,0.0,14.7,14.7,101.0,58.0,6.0,3.5,0.0
47.6,900.0,22.0,2.0,196.0,98.0,0.0,14.7,14.7,101.0,58.0,6.0,3.5,0.0
47.650000000000006,900.0,22.0,2.0,196.0,98.0,0.0,14.7,14.7,101.0,58.0,6.0,3.5,0.0
47.7,900.0,22.0,2.0,196.0,98.0,0.0,14.7,14.7,101.0,58.0,6.0,3.5,0.0
47.75,971.6597231700538,22.0,2.0,196.0,98.0,0.0,14.7,14.7,101.0,58.0,6.0,3.5,0.0
47.800000000000004,998.7401727596923,22.158739831518545,2.1587398315185453,196.0,98.0,0.0,14.7,14.7,101.0,58.0,6.0,3.5,0.0
47.85,1015.9484090645929,25.937525981536403,5.937525981536403,196.0,98.0,0.0,14.7,14.7,101.0,58.0,6.0,3.5,0.0
47.900000000000006,1123.719888684906,29.80733462747741,9.80733462747741,196.0,98.0,0.0,14.7,14.7,101.0,58.0,6.0,3.5,0.0
47.95,1138.301858759184,33.76017167346874,13.76017167346874,196.0,98.0,0.0,14.7,14.7,101.0,58.0,6.0,3.5,0.0
48.0,1139.4290547867552,37.78787150688997,17.78787150688997,196.0,98.0,0.0,14.7,14.7,101.0,58.0,6.0,3.5,0.0
48.050000000000004,1273.4380615186021,41.882113866571515,21.882113866571515,196.0,98.0,0.0,14.7,14.7,101.0,58.0,6.0,3.5,0.0
48.1,1267.5919300869998,46.03444103045348,26.03444103045348,196.0,98.0,0.0,14.7,14.7,101.0,58.0,6.0,3.5,0.0
48.150000000000006,1358.360603267854,50.23627528721197,30.236275287211967,196.0,98.0,0.0,14.7,14.7,101.0,58.0,6.0,3.5,0.0
48.2,1332.1789104785116,54.4789366557514,34.4789366557514,196.0,98.0,0.0,14.7,14.7,101.0,58.0,6.0,3.5,0.0
48.25,1452.5546420382018,58.7536608159621,38.7536608159621,196.0,98.0,0.0,14.7,14.7,101.0,58.0,6.0,3.5,0.0
48.300000000000004,1477.2063480805164,63.05161721370152,43.05161721370152,196.0,98.0,0.0,14.7,14.7,101.0,58.0,6.0,3.5,0.0
48.35,1539.3263350729442,67.36392730260233,47.363927302602335,196.0,98.0,0.0,14.7,14.7,101.0,58.0,6.0,3.5,0.0
48.400000000000006,1566.3571410955433,71.68168288501428,51.68168288501428,196.0,98.0,0.0,14.7,14.7,101.0,58.0,6.0,3.5,0.0
48.45,1794.3301036600599,75.99596451420516,55.995964514205156,196.0,98.0,0.0,14.7,14.7,101.0,58.0,6.0,3.5,0.0
48.5,1769.5856413298775,80.29785991979631,60.29785991979631,196.0,98.0,0.0,12.8,12.8,101.0,58.0,6.0,0.0,0.0
48.550000000000004,1853.1727830553846,84.57848241837357,64.57848241837357,196.0,98.0,0.0,12.8,12.8,101.0,58.0,6.0,0.0,0.0
48.6,1956.9981058676133,88.82898927124499,68.82898927124499,196.0,98.0,0.0,12.8,12.8,101.0,58.0,6.0,0.0,0.0
48.650000000000006,1977.7085019521296,93.04059995141262,73.04059995141262,196.0,98.0,0.0,12.8,12.8,101.0,58.0,6.0,0.0,0.0
48.7,2073.7899870884953,97.20461428203649,77.20461428203649,196.0,98.0,0.0,12.8,12.8,101.0,58.0,6.0,0.0,0.0
48.75,2070.217451932096,101.31243040891128,81.31243040891128,196.0,98.0,0.0,12.8,12.8,101.0,58.0,6.0,0.0,0.0
48.800000000000004,2204.3224126288223,105.35556256983253,85.35556256983253,196.0,158.0,0.0,12.3,11.6,101.0,44.0,17.0,0.0,0.0
48.85,2252.247045918209,109.32565862414405,89.32565862414405,196.0,158.0,0.0,12.3,11.6,101.0,44.0,17.0,0.0,0.0
48.900000000000006,2361.5056592506185,113.21451730625844,93.21451730625844,196.0,158.0,0.0,12.3,11.6,101.0,44.0,17.0,0.0,0.0
48.95,2421.6372221584534,117.01410516749968,97.01410516749968,196.0,158.0,0.0,12.3,11.6,101.0,44.0,17.0,0.0,0.0
49.0,2432.0137853015913,120.71657317128245,100.0,196.0,158.0,0.0,12.3,11.6,101.0,44.0,17.0,0.0,0.0
49.050000000000004,2486.4255743064414,124.31427290733731,100.0,196.0,158.0,0.0,12.3,11.6,101.0,44.0,17.0,0.0,0.0
49.1,2592.873603572766,127.79977239149008,100.0,196.0,158.0,0.0,12.3,11.6,101.0,44.0,17.0,0.0,0.0
49.150000000000006,2735.7340577865257,131.16587141835953,100.0,196.0,158.0,0.0,12.3,11.6,101.0,44.0,17.0,0.0,0.0
49.2,2795.720525846481,134.40561643525027,100.0,196.0,158.0,0.0,12.3,11.6,101.0,44.0,17.0,0.0,0.0
49.25,2866.900854381844,137.51231490652603,100.0,196.0,158.0,0.0,12.3,11.6,101.0,44.0,17.0,0.0,0.0
49.300000000000004,2841.5379945708605,140.47954913878135,100.0,196.0,158.0,0.0,12.3,11.6,101.0,44.0,17.0,0.0,0.0
49.35,2885.6459997734437,143.30118953825593,100.0,196.0,158.0,0.0,12.3,11.6,101.0,44.0,17.0,0.0,0.0
49.400000000000006,3038.4488376493573,145.9714072731036,100.0,196.0,158.0,0.0,12.3,11.6,101.0,44.0,17.0,0.0,0.0
49.45,3119.4374948571685,148.4846863143619,100.0,196.0,158.0,0.0,12.3,11.6,101.0,44.0,17.0,0.0,0.0
49.5,3177.0188436535636,150.83583483074125,100.0,196.0,158.0,2.0,12.3,11.6,101.0,44.0,17.0,0.0,0.0
49.550000000000004,3282.714217195418,153.019995913704,100.0,196.0,158.0,2.0,12.3,11.6,101.0,44.0,17.0,0.0,0.0
49.6,3327.9220605673786,155.0326576106716,100.0,196.0,158.0,2.0,12.3,11.6,101.0,44.0,17.0,0.0,0.0
49.650000000000006,3352.3325240992413,156.86966224563506,100.0,196.0,158.0,2.0,12.3,11.6,101.0,44.0,17.0,0.0,0.0
49.7,3428.247138917678,158.52721500791716,100.0,196.0,158.0,2.0,12.3,11.6,101.0,44.0,17.0,0.0,0.0
49.75,3531.415891956414,160.00189179133864,100.0,196.0,158.0,2.0,12.3,11.6,101.0,44.0,17.0,0.0,0.0
49.800000000000004,3589.332241470969,161.29064626760095,100.0,196.0,158.0,2.0,12.3,11.6,101.0,44.0,17.0,0.0,0.0
49.85,3642.582372517977,162.39081617926902,100.0,196.0,158.0,2.0,12.3,11.6,101.0,44.0,17.0,0.0,0.0
49.900000000000006,3793.682296036682,163.30012883935626,100.0,196.0,158.0,2.0,12.3,11.6,101.0,44.0,17.0,0.0,0.0
49.95,3748.1336521733137,164.01670582615026,100.0,196.0,158.0,2.0,12.3,11.6,101.0,44.0,17.0,0.0,0.0
50.0,3817.2401718953615,164.53906686358158,100.0,196.0,158.0,2.0,12.3,11.6,101.0,44.0,17.0,0.0,0.0
50.050000000000004,3824.444950459366,164.8661328791182,100.0,196.0,158.0,2.0,12.3,11.6,101.0,44.0,17.0,0.0,0.0
50.1,3899.755764244155,164.99722823287084,100.0,196.0,158.0,2.0,12.3,11.6,101.0,44.0,17.0,0.0,0.0
50.150000000000006,3982.828649536808,164.93208211330284,100.0,196.0,158.0,2.0,12.3,11.6,101.0,44.0,17.0,0.0,0.0
50.2,4030.122255208446,164.67082909666152,100.0,196.0,158.0,2.0,12.3,11.6,101.0,44.0,17.0,0.0,0.0
50.25,4044.4909185818888,164.21400886897607,100.0,196.0,158.0,2.0,12.3,11.6,101.0,44.0,17.0,0.0,0.0
50.300000000000004,4107.642458525016,163.56256511119588,100.0,196.0,158.0,2.0,12.3,11.6,101.0,44.0,17.0,0.0,0.0
50.35,4132.750318728796,162.717843549772,100.0,196.0,158.0,2.0,12.3,11.6,101.0,44.0,17.0,0.0,0.0
50.400000000000006,4091.581605518447,161.68158917670945,100.0,196.0,158.0,2.0,12.3,11.6,101.0,44.0,17.0,0.0,0.0
50.45,4069.647483285652,160.45594264483236,100.0,196.0,158.0,2.0,12.3,11.6,101.0,44.0,17.0,0.0,0.0
50.5,4324.394986694288,159.04343584570938,100.0,196.0,158.0,2.0,12.3,11.6,101.0,44.0,17.0,0.0,0.0
50.550000000000004,4293.944690491724,157.4469866793724,100.0,196.0,158.0,2.0,12.3,11.6,101.0,44.0,17.0,0.0,0.0
50.6,4284.593104349039,155.66989302663688,100.0,196.0,158.0,2.0,12.3,11.6,101.0,44.0,17.0,0.0,0.0
50.650000000000006,4240.854783167279,153.71582593647048,100.0,196.0,158.0,2.0,12.3,11.6,101.0,44.0,17.0,0.0,0.0
50.7,4280.192156870625,151.58882204248746,100.0,196.0,158.0,2.0,12.3,11.6,101.0,44.0,17.0,0.0,0.0
50.75,4403.57401505181,149.29327522423262,100.0,196.0,158.0,0.0,12.3,11.6,101.0,44.0,17.0,0.0,0.0
50.800000000000004,4253.201492971913,146.83392753047946,100.0,196.0,158.0,0.0,12.3,11.6,101.0,44.0,17.0,0.0,0.0
50.85,4364.388200433881,144.21585938329753,100.0,196.0,158.0,0.0,12.3,11.6,101.0,44.0,17.0,0.0,0.0
50.900000000000006,4421.960061303769,141.44447908311844,100.0,196.0,158.0,0.0,12.3,11.6,101.0,44.0,17.0,0.0,0.0
50.95,4400.011373374334,138.52551163648567,100.0,196.0,158.0,0.0,12.3,11.6,101.0,44.0,17.0,0.0,0.0
51.0,4428.736633875877,135.4649869295649,100.0,196.0,158.0,0.0,12.3,11.6,101.0,44.0,17.0,0.0,0.0
51.050000000000004,4394.749590777359,132.26922727184706,100.0,196.0,158.0,0.0,12.3,11.6,101.0,44.0,17.0,0.0,0.0
51.1,4494.381965706128,128.94483433577227,100.0,196.0,158.0,0.0,12.3,11.6,101.0,44.0,17.0,0.0,0.0
51.150000000000006,4353.360102548878,125.49867551926212,100.0,196.0,158.0,0.0,12.3,11.6,101.0,44.0,17.0,0.0,0.0
51.2,4333.024760919328,121.9378697593217,100.0,196.0,158.0,0.0,12.3,11.6,101.0,44.0,17.0,0.0,0.0
51.25,4388.7371997204555,118.26977282602488,98.26977282602488,196.0,158.0,0.0,12.3,11.6,101.0,44.0,17.0,0.0,0.0
51.300000000000004,4422.403792568627,114.50196212725947,94.50196212725947,196.0,158.0,0.0,12.3,11.6,101.0,44.0,17.0,0.0,0.0
51.35,4347.6906905384685,110.64222105561873,90.64222105561873,196.0,158.0,0.0,12.3,11.6,101.0,44.0,17.0,0.0,0.0
51.400000000000006,4373.856120451315,106.69852290978392,86.69852290978392,196.0,158.0,0.0,12.3,11.6,101.0,44.0,17.0,0.0,0.0
51.45,4289.922421325971,102.67901442360046,82.67901442360046,196.0,98.0,0.0,12.8,12.8,101.0,58.0,6.0,0.0,0.0
51.5,4240.326027399483,98.59199893688185,78.59199893688185,196.0,98.0,0.0,12.8,12.8,101.0,58.0,6.0,0.0,0.0
51.550000000000004,4317.670667107267,94.44591924270232,74.44591924270232,196.0,98.0,0.0,12.8,12.8,101.0,58.0,6.0,0.0,0.0
51.6,4295.753497541594,90.24934014661346,70.24934014661346,196.0,98.0,0.0,12.8,12.8,101.0,58.0,6.0,0.0,0.0
51.650000000000006,4263.0979657343405,86.0109307738089,66.0109307738089,196.0,98.0,0.0,12.8,12.8,101.0,58.0,6.0,0.0,0.0
51.7,4150.493433024588,81.73944666079628,61.739446660796276,196.0,98.0,0.0,12.8,12.8,101.0,58.0,6.0,0.0,0.0
51.75,4085.598785565191,77.44371166855761,57.44371166855761,196.0,98.0,0.0,14.7,14.7,101.0,58.0,6.0,3.5,0.0
51.800000000000004,4046.4020805501564,73.13259975457096,53.13259975457096,196.0,98.0,0.0,14.7,14.7,101.0,58.0,6.0,3.5,0.0
51.85,4043.205032201329,68.8150166413448,48.8150166413448,196.0,98.0,0.0,14.7,14.7,101.0,58.0,6.0,3.5,0.0
51.900000000000006,4032.2055371000174,64.49988141933002,44.49988141933002,196.0,98.0,0.0,14.7,14.7,101.0,58.0,6.0,3.5,0.0
51.95,3983.7606426080247,60.19610812222389,40.19610812222389,196.0,98.0,0.0,14.7,14.7,101.0,58.0,6.0,3.5,0.0
52.0,3858.338776411508,55.912587312713015,35.912587312713015,196.0,98.0,0.0,14.7,14.7,101.0,58.0,6.0,3.5,0.0
52.050000000000004,3873.749154251492,51.65816771670549,31.658167716705492,196.0,98.0,0.0,14.7,14.7,101.0,58.0,6.0,3.5,0.0
52.1,3814.85831202572,47.44163794398682,27.44163794398682,196.0,98.0,0.0,14.7,14.7,101.0,58.0,6.0,3.5,0.0
52.150000000000006,3764.017305115728,43.271708333062165,23.271708333062165,196.0,98.0,0.0,14.7,14.7,101.0,58.0,6.0,3.5,0.0
52.2,3703.86311289838,39.15699295768495,19.15699295768495,196.0,98.0,0.0,14.7,14.7,101.0,58.0,6.0,3.5,0.0
52.25,3639.3509562725267,35.105991832251824,15.105991832251824,196.0,98.0,0.0,14.7,14.7,101.0,58.0,6.0,3.5,0.0
52.300000000000004,3612.0783648777683,31.127073352810413,11.127073352810413,196.0,98.0,0.0,14.7,14.7,101.0,58.0,6.0,3.5,0.0
52.35,3532.731552645341,27.2284570099622,7.228457009962199,196.0,98.0,0.0,14.7,14.7,101.0,58.0,6.0,3.5,0.0
52.400000000000006,3474.4633980671038,23.418196409368335,3.418196409368335,196.0,98.0,0.0,14.7,14.7,101.0,58.0,6.0,3.5,0.0
52.45,3374.178527976171,22.0,2.0,196.0,98.0,0.0,14.7,14.7,101.0,58.0,6.0,3.5,0.0
52.5,3352.6677950154763,22.0,2.0,196.0,98.0,0.0,14.7,14.7,101.0,58.0,6.0,3.5,0.0
52.550000000000004,3265.7807544212415,22.0,2.0,196.0,98.0,0.0,14.7,14.7,101.0,58.0,6.0,3.5,0.0
52.6,3118.6706987129833,22.0,2.0,196.0,98.0,0.0,14.7,14.7,101.0,58.0,6.0,3.5,0.0
52.650000000000006,3154.2316392568123,22.0,2.0,196.0,98.0,0.0,14.7,14.7,101.0,58.0,6.0,3.5,0.0
52.7,3054.9861958675247,22.0,2.0,196.0,98.0,0.0,14.7,14.7,101.0,58.0,6.0,3.5,0.0
52.75,3032.4440354409608,22.0,2.0,196.0,98.0,0.0,14.7,14.7,101.0,58.0,6.0,3.5,0.0
52.800000000000004,2918.0105706508084,22.0,2.0,196.0,98.0,0.0,14.7,14.7,101.0,58.0,6.0,3.5,0.0
52.85,2849.1387090979542,22.0,2.0,196.0,98.0,0.0,14.7,14.7,101.0,58.0,6.0,3.5,0.0
52.900000000000006,2789.3878180048537,22.0,2.0,196.0,98.0,0.0,14.7,14.7,101.0,58.0,6.0,3.5,0.0
52.95,2707.9822634241023,22.0,2.0,196.0,98.0,0.0,14.7,14.7,101.0,58.0,6.0,3.5,0.0
53.0,2617.807296827001,22.0,2.0,196.0,98.0,0.0,14.7,14.7,101.0,58.0,6.0,3.5,0.0
53.050000000000004,2490.9837459411683,22.0,2.0,196.0,98.0,0.0,14.7,14.7,101.0,58.0,6.0,3.5,0.0
53.1,2563.353818349074,22.0,2.0,196.0,98.0,0.0,14.7,14.7,101.0,58.0,6.0,3.5,0.0
53.150000000000006,2353.444673765048,22.0,2.0,196.0,98.0,0.0,14.7,14.7,101.0,58.0,6.0,3.5,0.0
53.2,2330.008441858084,22.0,2.0,196.0,98.0,0.0,14.7,14.7,101.0,58.0,6.0,3.5,0.0
53.25,2297.0992791418184,22.0,2.0,196.0,98.0,0.0,14.7,14.7,101.0,58.0,6.0,3.5,0.0
53.300000000000004,2213.817609767223,22.0,2.0,196.0,98.0,0.0,14.7,14.7,101.0,58.0,6.0,3.5,0.0
53.35,2149.3966282337647,22.0,2.0,196.0,98.0,0.0,14.7,14.7,101.0,58.0,6.0,3.5,0.0
53.400000000000006,2086.114582948721,22.0,2.0,196.0,98.0,0.0,14.7,14.7,101.0,58.0,6.0,3.5,0.0
53.45,2035.180691668477,22.0,2.0,196.0,98.0,0.0,14.7,14.7,101.0,58.0,6.0,3.5,0.0
53.5,1926.5981743285984,22.0,2.0,196.0,98.0,0.0,14.7,14.7,101.0,58.0,6.0,3.5,0.0
53.550000000000004,1961.8993125727254,22.0,2.0,196.0,98.0,0.0,14.7,14.7,101.0,58.0,6.0,3.5,0.0
53.6,1736.9917819370476,22.0,2.0,196.0,98.0,0.0,14.7,14.7,101.0,58.0,6.0,3.5,0.0
53.650000000000006,1719.586669496052,22.0,2.0,196.0,98.0,0.0,14.7,14.7,101.0,58.0,6.0,3.5,0.0
53.7,1630.1884239928102,22.0,2.0,196.0,98.0,0.0,14.7,14.7,101.0,58.0,6.0,3.5,0.0
53.75,1558.2132714308434,22.0,2.0,196.0,98.0,0.0,14.7,14.7,101.0,58.0,6.0,3.5,0.0
53.800000000000004,1528.2663445983678,22.0,2.0,196.0,98.0,0.0,14.7,14.7,101.0,58.0,6.0,3.5,0.0
53.85,1513.3166332080505,22.0,2.0,196.0,98.0,0.0,14.7,14.7,101.0,58.0,6.0,3.5,0.0
53.900000000000006,1366.3356179894013,22.0,2.0,196.0,98.0,0.0,14.7,14.7,101.0,58.0,6.0,3.5,0.0
53.95,1307.6974806237038,22.0,2.0,196.0,98.0,0.0,14.7,14.7,101.0,58.0,6.0,3.5,0.0
54.0,1308.2284912084078,22.0,2.0,196.0,98.0,0.0,14.7,14.7,101.0,58.0,6.0,3.5,0.0
54.050000000000004,1245.9275518303236,22.0,2.0,196.0,98.0,0.0,14.7,14.7,101.0,58.0,6.0,3.5,0.0
54.1,1249.2840079438754,22.0,2.0,196.0,98.0,0.0,14.7,14.7,101.0,58.0,6.0,3.5,0.0
54.150000000000006,1160.8606467875175,22.0,2.0,196.0,98.0,0.0,14.7,14.7,101.0,58.0,6.0,3.5,0.0
54.2,1079.7423611815295,22.0,2.0,196.0,98.0,0.0,14.7,14.7,101.0,58.0,6.0,3.5,0.0
54.25,1010.3113469591198,22.0,2.0,196.0,98.0,0.0,14.7,14.7,101.0,58.0,6.0,3.5,0.0
54.300000000000004,987.2082619965294,22.0,2.0,196.0,98.0,0.0,14.7,14.7,101.0,58.0,6.0,3.5,0.0
54.35,928.9508681219626,22.0,2.0,196.0,98.0,0.0,14.7,14.7,101.0,58.0,6.0,3.5,0.0
54.400000000000006,900.0,22.0,2.0,196.0,98.0,0.0,14.7,14.7,101.0,58.0,6.0,3.5,0.0
54.45,900.0,22.0,2.0,196.0,98.0,0.0,14.7,14.7,101.0,58.0,6.0,3.5,0.0
54.5,900.0,22.0,2.0,196.0,98.0,0.0,14.7,14.7,101.0,58.0,6.0,3.5,0.0
54.550000000000004,900.0,22.0,2.0,196.0,98.0,0.0,14.7,14.7,101.0,58.0,6.0,3.5,0.0
54.6,900.0,22.0,2.0,196.0,98.0,0.0,14.7,14.7,101.0,58.0,6.0,3.5,0.0
54.650000000000006,900.0,22.0,2.0,196.0,98.0,0.0,14.7,14.7,101.0,58.0,6.0,3.5,0.0
54.7,900.0,22.0,2.0,196.0,98.0,0.0,14.7,14.7,101.0,58.0,6.0,3.5,0.0
54.75,900.0,25.059766561463647,5.059766561463647,196.0,98.0,0.0,14.7,14.7,101.0,58.0,6.0,3.5,0.0
54.800000000000004,900.0,28.909334523606717,8.909334523606717,196.0,98.0,0.0,14.7,14.7,101.0,58.0,6.0,3.5,0.0
54.85,900.0,32.84378593848642,12.84378593848642,196.0,98.0,0.0,14.7,14.7,101.0,58.0,6.0,3.5,0.0
54.900000000000006,900.0,36.8549931737835,16.854993173783498,196.0,98.0,0.0,14.7,14.7,101.0,58.0,6.0,3.5,0.0
54.95,900.0,40.93467003807771,20.934670038077712,196.0,98.0,0.0,14.7,14.7,101.0,58.0,6.0,3.5,0.0
55.0,900.0,45.07438889812677,25.07438889812677,196.0,98.0,0.0,14.7,14.7,101.0,58.0,6.0,3.5,0.0
55.050000000000004,900.0,49.265598088336404,29.265598088336404,196.0,98.0,0.0,14.7,14.7,101.0,58.0,6.0,3.5,0.0
55.1,900.0,53.499639576448395,33.499639576448395,196.0,98.0,0.0,14.7,14.7,101.0,58.0,6.0,3.5,0.0
55.150000000000006,900.0,57.767766848956526,37.767766848956526,196.0,98.0,0.0,14.7,14.7,101.0,58.0,6.0,3.5,0.0
55.2,900.0,62.061162979306935,42.061162979306935,196.0,98.0,0.0,14.7,14.7,101.0,58.0,6.0,3.5,0.0
55.25,900.0,66.3709588415482,46.3709588415482,196.0,98.0,0.0,14.7,14.7,101.0,58.0,6.0,3.5,0.0
55.300000000000004,900.0,70.68825143181958,50.68825143181958,196.0,98.0,0.0,14.7,14.7,101.0,58.0,6.0,3.5,0.0
55.35,900.0,75.00412225981948,55.00412225981948,196.0,98.0,0.0,14.7,14.7,101.0,58.0,6.0,3.5,0.0
55.400000000000006,900.0,79.30965577226597,59.30965577226597,196.0,98.0,0.0,14.7,14.7,101.0,58.0,6.0,3.5,0.0
55.45,900.0,83.59595777028929,63.59595777028929,196.0,98.0,0.0,12.8,12.8,101.0,58.0,6.0,0.0,0.0
55.5,900.0,87.85417378271475,67.85417378271475,196.0,98.0,0.0,12.8,12.8,101.0,58.0,6.0,0.0,0.0
55.550000000000004,900.0,92.07550735727104,72.07550735727104,196.0,98.0,0.0,12.8,12.8,101.0,58.0,6.0,0.0,0.0
55.6,900.0,96.25123823195197,76.25123823195197,196.0,98.0,0.0,12.8,12.8,101.0,58.0,6.0,0.0,0.0
55.650000000000006,900.0,100.37274034898428,80.37274034898428,196.0,98.0,0.0,12.8,12.8,101.0,58.0,6.0,0.0,0.0
55.7,900.0,104.43149967419197,84.43149967419197,196.0,98.0,0.0,12.8,12.8,101.0,58.0,6.0,0.0,0.0
55.75,900.0,108.41913178495,88.41913178495,196.0,158.0,0.0,12.3,11.6,101.0,44.0,17.0,0.0,0.0
55.800000000000004,900.0,112.32739919038525,92.32739919038525,196.0,158.0,0.0,12.3,11.6,101.0,44.0,17.0,0.0,0.0
55.85,900.0,116.14822834805824,96.14822834805824,196.0,158.0,0.0,12.3,11.6,101.0,44.0,17.0,0.0,0.0
55.900000000000006,900.0,119.87372634196333,99.87372634196333,196.0,158.0,0.0,12.3,11.6,101.0,44.0,17.0,0.0,0.0
55.95,1018.3524350294728,123.4961971873989,100.0,196.0,158.0,0.0,12.3,11.6,101.0,44.0,17.0,0.0,0.0
56.0,1017.2687489053512,127.00815772902408,100.0,196.0,158.0,0.0,12.3,11.6,101.0,44.0,17.0,0.0,0.0
56.050000000000004,1067.8074814592594,130.40235309926376,100.0,196.0,158.0,0.0,12.3,11.6,101.0,44.0,17.0,0.0,0.0
56.1,1112.138972742486,133.6717717051206,100.0,196.0,158.0,0.0,12.3,11.6,101.0,44.0,17.0,0.0,0.0
56.150000000000006,1108.843267291903,136.8096597124454,100.0,196.0,158.0,0.0,12.3,11.6,101.0,44.0,17.0,0.0,0.0
56.2,1189.9915600137738,139.80953499773705,100.0,196.0,158.0,0.0,12.3,11.6,101.0,44.0,17.0,0.0,0.0
56.25,1267.3936959841521,142.66520053865332,100.0,196.0,158.0,0.0,12.3,11.6,101.0,44.0,17.0,0.0,0.0
56.300000000000004,1354.5864688896895,145.3707572155736,100.0,196.0,158.0,0.0,12.3,11.6,101.0,44.0,17.0,0.0,0.0
56.35,1373.6218943109668,147.92061599776136,100.0,196.0,158.0,0.0,12.3,11.6,101.0,44.0,17.0,0.0,0.0
56.400000000000006,1306.0195522261834,150.30950948896216,100.0,196.0,158.0,2.0,12.3,11.6,101.0,44.0,17.0,0.0,0.0
56.45,1482.3477461806572,152.5325028085796,100.0,196.0,158.0,2.0,12.3,11.6,101.0,44.0,17.0,0.0,0.0
56.5,1568.7832048984299,154.5850037859542,100.0,196.0,158.0,2.0,12.3,11.6,101.0,44.0,17.0,0.0,0.0
56.550000000000004,1670.5060847819223,156.4627724466855,100.0,196.0,158.0,2.0,12.3,11.6,101.0,44.0,17.0,0.0,0.0
56.6,1712.5801109425292,158.1619297714028,100.0,196.0,158.0,2.0,12.3,11.6,101.0,44.0,17.0,0.0,0.0
56.650000000000006,1850.3195160968417,159.67896570888632,100.0,196.0,158.0,2.0,12.3,11.6,101.0,44.0,17.0,0.0,0.0
56.7,1875.3768404508269,161.01074642699177,100.0,196.0,158.0,2.0,12.3,11.6,101.0,44.0,17.0,0.0,0.0
56.75,1941.0098395503196,162.15452078639515,100.0,196.0,158.0,2.0,12.3,11.6,101.0,44.0,17.0,0.0,0.0
56.800000000000004,1994.42145974427,163.10792602378618,100.0,196.0,158.0,2.0,12.3,11.6,101.0,44.0,17.0,0.0,0.0
56.85,1971.822817338694,163.86899263277076,100.0,196.0,158.0,2.0,12.3,11.6,101.0,44.0,17.0,0.0,0.0
56.900000000000006,2132.1119516638773,164.4361484323975,100.0,196.0,158.0,2.0,12.3,11.6,101.0,44.0,17.0,0.0,0.0
56.95,2193.9132608859495,164.80822181490697,100.0,196.0,158.0,2.0,12.3,11.6,101.0,44.0,17.0,0.0,0.0
57.0,2221.085241901456,164.98444416599202,100.0,196.0,158.0,2.0,12.3,11.6,101.0,44.0,17.0,0.0,0.0
57.050000000000004,2338.16549342895,164.96445145257022,100.0,196.0,158.0,2.0,12.3,11.6,101.0,44.0,17.0,0.0,0.0
57.1,2404.269970369458,164.74828497478916,100.0,196.0,158.0,2.0,12.3,11.6,101.0,44.0,17.0,0.0,0.0
57.150000000000006,2441.9605405085595,164.33639128070985,100.0,196.0,158.0,2.0,12.3,11.6,101.0,44.0,17.0,0.0,0.0
57.2,2528.6980063099186,163.7296212438461,100.0,196.0,158.0,2.0,12.3,11.6,101.0,44.0,17.0,0.0,0.0
57.25,2596.12445073138,162.92922830546362,100.0,196.0,158.0,2.0,12.3,11.6,101.0,44.0,17.0,0.0,0.0
57.300000000000004,2688.74023695679,161.93686588527146,100.0,196.0,158.0,2.0,12.3,11.6,101.0,44.0,17.0,0.0,0.0
57.35,2735.137356587941,160.75458396585384,100.0,196.0,158.0,2.0,12.3,11.6,101.0,44.0,17.0,0.0,0.0
57.400000000000006,2846.1432845753825,159.38482485789734,100.0,196.0,158.0,2.0,12.3,11.6,101.0,44.0,17.0,0.0,0.0
57.45,2819.3898852516213,157.83041815496443,100.0,196.0,158.0,2.0,12.3,11.6,101.0,44.0,17.0,0.0,0.0
57.5,2955.9770477115685,156.09457488823142,100.0,196.0,158.0,2.0,12.3,11.6,101.0,44.0,17.0,0.0,0.0
57.550000000000004,2970.336337180916,154.1808808932691,100.0,196.0,158.0,2.0,12.3,11.6,101.0,44.0,17.0,0.0,0.0
57.6,3088.082164860276,152.0932894025668,100.0,196.0,158.0,2.0,12.3,11.6,101.0,44.0,17.0,0.0,0.0
57.650000000000006,3196.8515027164544,149.8361128791036,100.0,196.0,158.0,0.0,12.3,11.6,101.0,44.0,17.0,0.0,0.0
57.7,3244.8142880269565,147.41401410783314,100.0,196.0,158.0,0.0,12.3,11.6,101.0,44.0,17.0,0.0,0.0
57.75,3306.199779921617,144.8319965634912,100.0,196.0,158.0,0.0,12.3,11.6,101.0,44.0,17.0,0.0,0.0
57.800000000000004,3378.8532651770256,142.09539407461645,100.0,196.0,158.0,0.0,12.3,11.6,101.0,44.0,17.0,0.0,0.0
57.85,3503.0621400368195,139.20985980514115,100.0,196.0,158.0,0.0,12.3,11.6,101.0,44.0,17.0,0.0,0.0
57.900000000000006,3458.821779286153,136.18135457631172,100.0,196.0,158.0,0.0,12.3,11.6,101.0,44.0,17.0,0.0,0.0
57.95,3599.88728789315,133.0161345530609,100.0,196.0,158.0,0.0,12.3,11.6,101.0,44.0,17.0,0.0,0.0
58.0,3563.6058633027833,129.7207383202753,100.0,196.0,158.0,0.0,12.3,11.6,101.0,44.0,17.0,0.0,0.0
58.050000000000004,3663.4811917132442,126.30197337564638,100.0,196.0,158.0,0.0,12.3,11.6,101.0,44.0,17.0,0.0,0.0
58.1,3745.043253436367,122.76690206701478,100.0,196.0,158.0,0.0,12.3,11.6,101.0,44.0,17.0,0.0,0.0
58.150000000000006,3758.920794744647,119.12282700325449,99.12282700325449,196.0,158.0,0.0,12.3,11.6,101.0,44.0,17.0,0.0,0.0
58.2,3853.7696836966006,115.3772759688363,95.3772759688363,196.0,158.0,0.0,12.3,11.6,101.0,44.0,17.0,0.0,0.0
58.25,3925.2978337892628,111.53798637322946,91.53798637322946,196.0,158.0,0.0,12.3,11.6,101.0,44.0,17.0,0.0,0.0
58.300000000000004,3896.9213261533514,107.61288926727426,87.61288926727426,196.0,158.0,0.0,12.3,11.6,101.0,44.0,17.0,0.0,0.0
58.35,3987.960223018314,103.61009295953218,83.61009295953218,196.0,98.0,0.0,12.8,12.8,101.0,58.0,6.0,0.0,0.0
58.400000000000006,4020.1710857239827,99.53786626646712,79.53786626646712,196.0,98.0,0.0,12.8,12.8,101.0,58.0,6.0,0.0,0.0
58.45,3999.526247095833,95.40462143105572,75.40462143105572,196.0,98.0,0.0,12.8,12.8,101.0,58.0,6.0,0.0,0.0
58.5,4109.233730240076,91.2188967451099,71.2188967451099,196.0,98.0,0.0,12.8,12.8,101.0,58.0,6.0,0.0,0.0
58.550000000000004,4121.989671624529,86.98933891121905,66.98933891121905,196.0,98.0,0.0,12.8,12.8,101.0,58.0,6.0,0.0,0.0
58.6,4242.201398031817,82.7246851807352,62.72468518073519,196.0,98.0,0.0,12.8,12.8,101.0,58.0,6.0,0.0,0.0
58.650000000000006,4185.85532160788,78.4337453047094,58.433745304709404,196.0,98.0,0.0,14.7,14.7,101.0,58.0,6.0,3.5,0.0
58.7,4318.55118245866,74.12538333506052,54.12538333506052,196.0,98.0,0.0,14.7,14.7,101.0,58.0,6.0,3.5,0.0
58.75,4256.339601429938,69.80849931357201,49.808499313572014,196.0,98.0,0.0,14.7,14.7,101.0,58.0,6.0,3.5,0.0
58.800000000000004,4379.679038482792,65.49201088653906,45.49201088653906,196.0,98.0,0.0,14.7,14.7,101.0,58.0,6.0,3.5,0.0
58.85,4345.539059818998,61.18483488305567,41.18483488305567,196.0,98.0,0.0,14.7,14.7,101.0,58.0,6.0,3.5,0.0
58.900000000000006,4361.229752960029,56.8958688949832,36.8958688949832,196.0,98.0,0.0,14.7,14.7,101.0,58.0,6.0,3.5,0.0
58.95,4391.690727534883,52.63397289666172,32.63397289666172,196.0,98.0,0.0,14.7,14.7,101.0,58.0,6.0,3.5,0.0
59.0,4409.190407014921,48.40795094233018,28.40795094233018,196.0,98.0,0.0,14.7,14.7,101.0,58.0,6.0,3.5,0.0
59.050000000000004,4440.095177115716,44.22653297906078,24.226532979060778,196.0,98.0,0.0,14.7,14.7,101.0,58.0,6.0,3.5,0.0
59.1,4461.35068709271,40.098356812787536,20.098356812787536,196.0,98.0,0.0,14.7,14.7,101.0,58.0,6.0,3.5,0.0
59.150000000000006,4383.454108941767,36.03195026466972,16.031950264669717,196.0,98.0,0.0,14.7,14.7,101.0,58.0,6.0,3.5,0.0
59.2,4349.791221056623,32.035713554660774,12.035713554660774,196.0,98.0,0.0,14.7,14.7,101.0,58.0,6.0,3.5,0.0
59.25,4292.590315601658,28.117901948670024,8.117901948670024,196.0,98.0,0.0,14.7,14.7,101.0,58.0,6.0,3.5,0.0
59.300000000000004,4380.824893414142,24.286608705165214,4.286608705165214,196.0,98.0,0.0,14.7,14.7,101.0,58.0,6.0,3.5,0.0
59.35,4420.774541437035,22.0,2.0,196.0,98.0,0.0,14.7,14.7,101.0,58.0,6.0,3.5,0.0
59.400000000000006,4396.752638995228,22.0,2.0,196.0,98.0,0.0,14.7,14.7,101.0,58.0,6.0,3.5,0.0
59.45,4374.696012648287,22.0,2.0,196.0,98.0,0.0,14.7,14.7,101.0,58.0,6.0,3.5,0.0
59.5,4341.785076170065,22.0,2.0,196.0,98.0,0.0,14.7,14.7,101.0,58.0,6.0,3.5,0.0
59.550000000000004,4313.15268050632,22.0,2.0,196.0,98.0,0.0,14.7,14.7,101.0,58.0,6.0,3.5,0.0
59.6,4307.645138600986,22.0,2.0,196.0,98.0,0.0,14.7,14.7,101.0,58.0,6.0,3.5,0.0
59.650000000000006,4312.10040123755,22.0,2.0,196.0,98.0,0.0,14.7,14.7,101.0,58.0,6.0,3.5,0.0
59.7,4200.849036497161,22.0,2.0,196.0,98.0,0.0,14.7,14.7,101.0,58.0,6.0,3.5,0.0
59.75,4272.862032796433,22.0,2.0,196.0,98.0,0.0,14.7,14.7,101.0,58.0,6.0,3.5,0.0
59.800000000000004,4155.059519752155,22.0,2.0,196.0,98.0,0.0,14.7,14.7,101.0,58.0,6.0,3.5,0.0
59.85,4174.226245300599,22.0,2.0,196.0,98.0,0.0,14.7,14.7,101.0,58.0,6.0,3.5,0.0
59.900000000000006,4119.848207051593,22.0,2.0,196.0,98.0,0.0,14.7,14.7,101.0,58.0,6.0,3.5,0.0
59.95,4092.6869480818746,22.0,2.0,196.0,98.0,0.0,14.7,14.7,101.0,58.0,6.0,3.5,0.0
60.0,4025.4193689841736,22.0,2.0,196.0,98.0,0.0,14.7,14.7,101.0,58.0,6.0,3.5,0.0
60.050000000000004,3978.644228882623,22.0,2.0,196.0,98.0,0.0,14.7,14.7,101.0,58.0,6.0,3.5,0.0
60.1,3970.82600974562,22.0,2.0,196.0,98.0,0.0,14.7,14.7,101.0,58.0,6.0,3.5,0.0
60.150000000000006,3889.738236870605,22.0,2.0,196.0,98.0,0.0,14.7,14.7,101.0,58.0,6.0,3.5,0.0
60.2,3982.4489024006175,22.0,2.0,196.0,98.0,0.0,14.7,14.7,101.0,58.0,6.0,3.5,0.0
60.25,3816.3281171011695,22.0,2.0,196.0,98.0,0.0,14.7,14.7,101.0,58.0,6.0,3.5,0.0
60.300000000000004,3753.663862569415,22.0,2.0,196.0,98.0,0.0,14.7,14.7,101.0,58.0,6.0,3.5,0.0
60.35,3702.9764733681086,22.0,2.0,196.0,98.0,0.0,14.7,14.7,101.0,58.0,6.0,3.5,0.0
60.400000000000006,3625.3376665390833,22.0,2.0,196.0,98.0,0.0,14.7,14.7,101.0,58.0,6.0,3.5,0.0
60.45,3511.462455173504,22.0,2.0,196.0,98.0,0.0,14.7,14.7,101.0,58.0,6.0,3.5,0.0
60.5,3539.3564155720624,22.0,2.0,196.0,98.0,0.0,14.7,14.7,101.0,58.0,6.0,3.5,0.0
60.550000000000004,3500.3350156918727,22.0,2.0,196.0,98.0,0.0,14.7,14.7,101.0,58.0,6.0,3.5,0.0
60.6,3364.6274685279104,22.0,2.0,196.0,98.0,0.0,14.7,14.7,101.0,58.0,6.0,3.5,0.0
60.650000000000006,3360.497546444928,22.0,2.0,196.0,98.0,0.0,14.7,14.7,101.0,58.0,6.0,3.5,0.0
60.7,3246.1112333053115,22.0,2.0,196.0,98.0,0.0,14.7,14.7,101.0,58.0,6.0,3.5,0.0
60.75,3226.1200412099765,22.0,2.0,196.0,98.0,0.0,14.7,14.7,101.0,58.0,6.0,3.5,0.0
60.800000000000004,3173.890845283399,22.0,2.0,196.0,98.0,0.0,14.7,14.7,101.0,58.0,6.0,3.5,0.0
60.85,3109.935282327087,22.0,2.0,196.0,98.0,0.0,14.7,14.7,101.0,58.0,6.0,3.5,0.0
60.900000000000006,3038.0445353922846,22.0,2.0,196.0,98.0,0.0,14.7,14.7,101.0,58.0,6.0,3.5,0.0
60.95,2921.8204467723044,22.0,2.0,196.0,98.0,0.0,14.7,14.7,101.0,58.0,6.0,3.5,0.0
61.0,2913.8772919942485,22.0,2.0,196.0,98.0,0.0,14.7,14.7,101.0,58.0,6.0,3.5,0.0
61.050000000000004,2788.874388893089,22.0,2.0,196.0,98.0,0.0,14.7,14.7,101.0,58.0,6.0,3.5,0.0
61.1,2748.4666761979647,22.0,2.0,196.0,98.0,0.0,14.7,14.7,101.0,58.0,6.0,3.5,0.0
61.150000000000006,2689.975158503328,22.0,2.0,196.0,98.0,0.0,14.7,14.7,101.0,58.0,6.0,3.5,0.0
61.2,2576.7085096244505,22.0,2.0,196.0,98.0,0.0,14.7,14.7,101.0,58.0,6.0,3.5,0.0
61.25,2464.446998254756,22.0,2.0,196.0,98.0,0.0,14.7,14.7,101.0,58.0,6.0,3.5,0.0
61.300000000000004,2467.2950741986037,22.0,2.0,196.0,98.0,0.0,14.7,14.7,101.0,58.0,6.0,3.5,0.0
61.35,2325.079471924882,22.0,2.0,196.0,98.0,0.0,14.7,14.7,101.0,58.0,6.0,3.5,0.0
61.400000000000006,2261.3295423353907,22.0,2.0,196.0,98.0,0.0,14.7,14.7,101.0,58.0,6.0,3.5,0.0
61.45,2180.3728955166057,22.0,2.0,196.0,98.0,0.0,14.7,14.7,101.0,58.0,6.0,3.5,0.0
61.5,2186.093768097362,22.0,2.0,196.0,98.0,0.0,14.7,14.7,101.0,58.0,6.0,3.5,0.0
61.550000000000004,2074.2859449111784,22.0,2.0,196.0,98.0,0.0,14.7,14.7,101.0,58.0,6.0,3.5,0.0
61.6,1919.9132556095908,22.0,2.0,196.0,98.0,0.0,14.7,14.7,101.0,58.0,6.0,3.5,0.0
61.650000000000006,1969.0252720048982,24.186922231702972,4.186922231702972,196.0,98.0,0.0,14.7,14.7,101.0,58.0,6.0,3.5,0.0
61.7,1953.0638044901716,28.015828484771895,8.015828484771895,196.0,98.0,0.0,14.7,14.7,101.0,58.0,6.0,3.5,0.0
61.75,1873.759588989221,31.93146395960339,11.931463959603391,196.0,98.0,0.0,14.7,14.7,101.0,58.0,6.0,3.5,0.0
61.800000000000004,1711.5992237259995,35.925739893096214,15.925739893096214,196.0,98.0,0.0,14.7,14.7,101.0,58.0,6.0,3.5,0.0
61.85,1671.1013672509634,39.99040506983411,19.99040506983411,196.0,98.0,0.0,14.7,14.7,101.0,58.0,6.0,3.5,0.0
61.900000000000006,1623.2813864385266,44.117062867118975,24.117062867118975,196.0,98.0,0.0,14.7,14.7,101.0,58.0,6.0,3.5,0.0
61.95,1574.9132164911905,48.297188600377424,28.297188600377424,196.0,98.0,0.0,14.7,14.7,101.0,58.0,6.0,3.5,0.0
62.0,1478.2357776308786,52.522147133113165,32.522147133113165,196.0,98.0,0.0,14.7,14.7,101.0,58.0,6.0,3.5,0.0
62.050000000000004,1372.2435187786498,56.78321071502582,36.78321071502582,196.0,98.0,0.0,14.7,14.7,101.0,58.0,6.0,3.5,0.0
62.1,1386.9956427332454,61.071577011450906,41.071577011450906,196.0,98.0,0.0,14.7,14.7,101.0,58.0,6.0,3.5,0.0
62.150000000000006,1323.888240740216,65.37838728686671,45.37838728686671,196.0,98.0,0.0,14.7,14.7,101.0,58.0,6.0,3.5,0.0
62.2,1190.305337002988,69.69474470491829,49.69474470491829,196.0,98.0,0.0,14.7,14.7,101.0,58.0,6.0,3.5,0.0
62.25,1174.9464939605318,74.01173270714544,54.01173270714544,196.0,98.0,0.0,14.7,14.7,101.0,58.0,6.0,3.5,0.0
62.300000000000004,1148.4369214600117,78.3204334324517,58.32043343245169,196.0,98.0,0.0,14.7,14.7,101.0,58.0,6.0,3.5,0.0
62.35,1087.6224226460145,82.61194613926773,62.61194613926773,196.0,98.0,0.0,12.8,12.8,101.0,58.0,6.0,0.0,0.0
62.400000000000006,1060.8561340893516,86.87740559234308,66.87740559234308,196.0,98.0,0.0,12.8,12.8,101.0,58.0,6.0,0.0,0.0
62.45,1026.0100800918271,91.10800037619721,71.10800037619721,196.0,98.0,0.0,12.8,12.8,101.0,58.0,6.0,0.0,0.0
62.5,972.3881763043146,95.29499109738833,75.29499109738833,196.0,98.0,0.0,12.8,12.8,101.0,58.0,6.0,0.0,0.0
62.550000000000004,904.9482959415161,99.42972843800273,79.42972843800273,196.0,98.0,0.0,12.8,12.8,101.0,58.0,6.0,0.0,0.0
62.6,900.0,103.50367102306905,83.50367102306905,196.0,98.0,0.0,12.8,12.8,101.0,58.0,6.0,0.0,0.0
62.650000000000006,900.0,107.50840306499151,87.50840306499151,196.0,158.0,0.0,12.3,11.6,101.0,44.0,17.0,0.0,0.0
62.7,900.0,111.43565174854336,91.43565174854336,196.0,158.0,0.0,12.3,11.6,101.0,44.0,17.0,0.0,0.0
62.75,900.0,115.27730432052022,95.27730432052022,196.0,158.0,0.0,12.3,11.6,101.0,44.0,17.0,0.0,0.0
62.800000000000004,900.0,119.0254248487403,99.0254248487403,196.0,158.0,0.0,12.3,11.6,101.0,44.0,17.0,0.0,0.0
62.85,900.0,122.67227061577515,100.0,196.0,158.0,0.0,12.3,11.6,101.0,44.0,17.0,0.0,0.0
62.900000000000006,900.0,126.21030811354771,100.0,196.0,158.0,0.0,12.3,11.6,101.0,44.0,17.0,0.0,0.0
62.95,900.0,129.6322286057486,100.0,196.0,158.0,0.0,12.3,11.6,101.0,44.0,17.0,0.0,0.0
63.0,900.0,132.93096322593323,100.0,196.0,158.0,0.0,12.3,11.6,101.0,44.0,17.0,0.0,0.0
63.050000000000004,900.0,136.09969758010303,100.0,196.0,158.0,0.0,12.3,11.6,101.0,44.0,17.0,0.0,0.0
63.1,900.0,139.1318858236076,100.0,196.0,158.0,0.0,12.3,11.6,101.0,44.0,17.0,0.0,0.0
63.150000000000006,900.0,142.02126418328854,100.0,196.0,158.0,0.0,12.3,11.6,101.0,44.0,17.0,0.0,0.0
63.2,900.0,144.761863896933,100.0,196.0,158.0,0.0,12.3,11.6,101.0,44.0,17.0,0.0,0.0
63.25,900.0,147.34802354330128,100.0,196.0,158.0,0.0,12.3,11.6,101.0,44.0,17.0,0.0,0.0
63.300000000000004,900.0,149.77440073726606,100.0,196.0,158.0,0.0,12.3,11.6,101.0,44.0,17.0,0.0,0.0
63.35,900.0,152.03598316589748,100.0,196.0,158.0,2.0,12.3,11.6,101.0,44.0,17.0,0.0,0.0
63.400000000000006,900.0,154.12809894269822,100.0,196.0,158.0,2.0,12.3,11.6,101.0,44.0,17.0,0.0,0.0
63.45,900.0,156.04642625860112,100.0,196.0,158.0,2.0,12.3,11.6,101.0,44.0,17.0,0.0,0.0
63.5,900.0,157.78700230978734,100.0,196.0,158.0,2.0,12.3,11.6,101.0,44.0,17.0,0.0,0.0
63.550000000000004,900.0,159.34623148388943,100.0,196.0,158.0,2.0,12.3,11.6,101.0,44.0,17.0,0.0,0.0
63.6,900.0,160.72089278766302,100.0,196.0,158.0,2.0,12.3,11.6,101.0,44.0,17.0,0.0,0.0
63.650000000000006,900.0,161.9081465007859,100.0,196.0,158.0,2.0,12.3,11.6,101.0,44.0,17.0,0.0,0.0
63.7,900.0,162.90554004203835,100.0,196.0,158.0,2.0,12.3,11.6,101.0,44.0,17.0,0.0,0.0
63.75,900.0,163.71101303574815,100.0,196.0,158.0,2.0,12.3,11.6,101.0,44.0,17.0,0.0,0.0
63.800000000000004,900.0,164.32290156803103,100.0,196.0,158.0,2.0,12.3,11.6,101.0,44.0,17.0,0.0,0.0
63.85,900.0,164.73994162403815,100.0,196.0,158.0,2.0,12.3,11.6,101.0,44.0,17.0,0.0,0.0
63.900000000000006,900.0,164.96127169910727,100.0,196.0,158.0,2.0,12.3,11.6,101.0,44.0,17.0,0.0,0.0
63.95,900.0,164.98643457842456,100.0,196.0,158.0,2.0,12.3,11.6,101.0,44.0,17.0,0.0,0.0
64.0,900.0,164.81537828152068,100.0,196.0,158.0,2.0,12.3,11.6,101.0,44.0,17.0,0.0,0.0
64.05,900.4801155085513,164.4484561696499,100.0,196.0,158.0,2.0,12.3,11.6,101.0,44.0,17.0,0.0,0.0
64.10000000000001,910.3724640953106,163.88642621583068,100.0,196.0,158.0,2.0,12.3,11.6,101.0,44.0,17.0,0.0,0.0
64.15,1074.6067303867803,163.13044943905527,100.0,196.0,158.0,2.0,12.3,11.6,101.0,44.0,17.0,0.0,0.0
64.2,1029.937683630029,162.18208750590313,100.0,196.0,158.0,2.0,12.3,11.6,101.0,44.0,17.0,0.0,0.0
64.25,1072.4862437721279,161.0432995045127,100.0,196.0,158.0,2.0,12.3,11.6,101.0,44.0,17.0,0.0,0.0
64.3,1115.2406318678811,159.71643789757496,100.0,196.0,158.0,2.0,12.3,11.6,101.0,44.0,17.0,0.0,0.0
64.35000000000001,1257.874746506396,158.20424366271095,100.0,196.0,158.0,2.0,12.3,11.6,101.0,44.0,17.0,0.0,0.0
64.4,1198.8300450597753,156.50984063026945,100.0,196.0,158.0,2.0,12.3,11.6,101.0,44.0,17.0,0.0,0.0
64.45,1285.5844284624366,154.63672903024315,100.0,196.0,158.0,2.0,12.3,11.6,101.0,44.0,17.0,0.0,0.0
64.5,1318.5439984719687,152.588778261634,100.0,196.0,158.0,2.0,12.3,11.6,101.0,44.0,17.0,0.0,0.0
64.55,1403.3505356687251,150.3702188992023,100.0,196.0,158.0,2.0,12.3,11.6,101.0,44.0,17.0,0.0,0.0
64.60000000000001,1467.525959477697,147.9856339541165,100.0,196.0,158.0,0.0,12.3,11.6,101.0,44.0,17.0,0.0,0.0
64.65,1575.058835143321,145.43994940655085,100.0,196.0,158.0,0.0,12.3,11.6,101.0,44.0,17.0,0.0,0.0
64.7,1538.0300088491538,142.7384240297929,100.0,196.0,158.0,0.0,12.3,11.6,101.0,44.0,17.0,0.0,0.0
64.75,1658.7576098286536,139.8866385268801,100.0,196.0,158.0,0.0,12.3,11.6,101.0,44.0,17.0,0.0,0.0
64.8,1790.4074505785002,136.8904840022072,100.0,196.0,158.0,0.0,12.3,11.6,101.0,44.0,17.0,0.0,0.0
64.85000000000001,1772.6583212861572,133.75614979191656,100.0,196.0,158.0,0.0,12.3,11.6,101.0,44.0,17.0,0.0,0.0
64.9,1854.296567047418,130.4901106782181,100.0,196.0,158.0,0.0,12.3,11.6,101.0,44.0,17.0,0.0,0.0
64.95,1895.2059858731245,127.0991135140413,100.0,196.0,158.0,0.0,12.3,11.6,101.0,44.0,17.0,0.0,0.0
65.0,1896.0835566185212,123.59016328565684,100.0,196.0,158.0,0.0,12.3,11.6,101.0,44.0,17.0,0.0,0.0
65.05,2067.4978918721604,119.97050864205683,99.97050864205683,196.0,158.0,0.0,12.3,11.6,101.0,44.0,17.0,0.0,0.0
65.10000000000001,2190.209161545759,116.24762692098338,96.24762692098338,196.0,158.0,0.0,12.3,11.6,101.0,44.0,17.0,0.0,0.0
65.15,2196.4970153808576,112.42920870254694,92.42920870254694,196.0,158.0,0.0,12.3,11.6,101.0,44.0,17.0,0.0,0.0
65.2,2213.7937196785906,108.52314192233135,88.52314192233135,196.0,158.0,0.0,12.3,11.6,101.0,44.0,17.0,0.0,0.0
65.25,2371.0735911780803,104.53749557681252,84.53749557681252,196.0,98.0,0.0,12.8,12.8,101.0,58.0,6.0,0.0,0.0
65.3,2436.5432572432474,100.48050305474858,80.48050305474858,196.0,98.0,0.0,12.8,12.8,101.0,58.0,6.0,0.0,0.0
65.35000000000001,2546.4626158763667,96.36054512897522,76.36054512897522,196.0,98.0,0.0,12.8,12.8,101.0,58.0,6.0,0.0,0.0
65.4,2615.918674338204,92.186132643738,72.186132643738,196.0,98.0,0.0,12.8,12.8,101.0,58.0,6.0,0.0,0.0
65.45,2641.6248661414297,87.9658889333347,67.9658889333347,196.0,98.0,0.0,12.8,12.8,101.0,58.0,6.0,0.0,0.0
65.5,2741.134980780022,83.70853200837368,63.70853200837368,196.0,98.0,0.0,12.8,12.8,101.0,58.0,6.0,0.0,0.0
65.55,2725.5392795974435,79.42285654645711,59.42285654645711,196.0,98.0,0.0,14.7,14.7,101.0,58.0,6.0,3.5,0.0
65.60000000000001,2913.999088152772,75.11771572448848,55.11771572448848,196.0,98.0,0.0,14.7,14.7,101.0,58.0,6.0,3.5,0.0
65.65,2948.268980038577,70.80200293013121,50.80200293013121,196.0,98.0,0.0,14.7,14.7,101.0,58.0,6.0,3.5,0.0
65.7,3054.9741169380623,66.48463339020836,46.48463339020836,196.0,98.0,0.0,14.7,14.7,101.0,58.0,6.0,3.5,0.0
65.75,3124.0482338084785,62.17452575398104,42.17452575398104,196.0,98.0,0.0,14.7,14.7,101.0,58.0,6.0,3.5,0.0
65.8,3139.1573806091237,57.8805836693602,37.8805836693602,196.0,98.0,0.0,14.7,14.7,101.0,58.0,6.0,3.5,0.0
65.85000000000001,3212.824137271937,53.61167739010709,33.61167739010709,196.0,98.0,0.0,14.7,14.7,101.0,58.0,6.0,3.5,0.0
65.9,3250.8967834545106,49.376625452018544,29.376625452018544,196.0,98.0,0.0,14.7,14.7,101.0,58.0,6.0,3.5,0.0
65.95,3269.1561282211946,45.1841764559459,25.184176455945902,196.0,98.0,0.0,14.7,14.7,101.0,58.0,6.0,3.5,0.0
66.0,3411.1931935642415,41.042990995289415,21.042990995289415,196.0,98.0,0.0,14.7,14.7,101.0,58.0,6.0,3.5,0.0
66.05,3485.9230761510144,36.961623765288195,16.961623765288195,196.0,98.0,0.0,14.7,14.7,101.0,58.0,6.0,3.5,0.0
66.10000000000001,3498.1999978490344,32.948505891073765,12.948505891073765,196.0,98.0,0.0,14.7,14.7,101.0,58.0,6.0,3.5,0.0
66.15,3630.417832715775,29.011927510989658,9.011927510989658,196.0,98.0,0.0,14.7,14.7,101.0,58.0,6.0,3.5,0.0
66.2,3664.5667724494124,25.160020651152884,5.160020651152884,196.0,98.0,0.0,14.7,14.7,101.0,58.0,6.0,3.5,0.0
66.25,3735.7373727697095,22.0,2.0,196.0,98.0,0.0,14.7,14.7,101.0,58.0,6.0,3.5,0.0
66.3,3741.96998027808,22.0,2.0,196.0,98.0,0.0,14.7,14.7,101.0,58.0,6.0,3.5,0.0
66.35000000000001,3755.454089025391,22.0,2.0,196.0,98.0,0.0,14.7,14.7,101.0,58.0,6.0,3.5,0.0
66.4,3908.468295925684,22.0,2.0,196.0,98.0,0.0,14.7,14.7,101.0,58.0,6.0,3.5,0.0
66.45,3951.070280896164,22.0,2.0,196.0,98.0,0.0,14.7,14.7,101.0,58.0,6.0,3.5,0.0
66.5,3969.4052389358494,22.0,2.0,196.0,98.0,0.0,14.7,14.7,101.0,58.0,6.0,3.5,0.0
66.55,4001.9397935660886,22.0,2.0,196.0,98.0,0.0,14.7,14.7,101.0,58.0,6.0,3.5,0.0
66.60000000000001,4050.4423710785054,22.0,2.0,196.0,98.0,0.0,14.7,14.7,101.0,58.0,6.0,3.5,0.0
66.65,4096.474021906691,22.0,2.0,196.0,98.0,0.0,14.7,14.7,101.0,58.0,6.0,3.5,0.0
66.7,4119.6565859697685,22.0,2.0,196.0,98.0,0.0,14.7,14.7,101.0,58.0,6.0,3.5,0.0
66.75,4095.2021787868994,22.0,2.0,196.0,98.0,0.0,14.7,14.7,101.0,58.0,6.0,3.5,0.0
66.8,4240.163164913481,22.0,2.0,196.0,98.0,0.0,14.7,14.7,101.0,58.0,6.0,3.5,0.0
66.85000000000001,4179.625412644069,22.0,2.0,196.0,98.0,0.0,14.7,14.7,101.0,58.0,6.0,3.5,0.0
66.9,4254.152876918769,22.0,2.0,196.0,98.0,0.0,14.7,14.7,101.0,58.0,6.0,3.5,0.0
66.95,4280.634868684568,22.0,2.0,196.0,98.0,0.0,14.7,14.7,101.0,58.0,6.0,3.5,0.0
67.0,4326.13598996175,22.0,2.0,196.0,98.0,0.0,14.7,14.7,101.0,58.0,6.0,3.5,0.0
67.05,4271.252363929007,22.0,2.0,196.0,98.0,0.0,14.7,14.7,101.0,58.0,6.0,3.5,0.0
67.10000000000001,4401.466021096254,22.0,2.0,196.0,98.0,0.0,14.7,14.7,101.0,58.0,6.0,3.5,0.0
67.15,4394.0640200768175,22.0,2.0,196.0,98.0,0.0,14.7,14.7,101.0,58.0,6.0,3.5,0.0
67.2,4410.530854177469,22.0,2.0,196.0,98.0,0.0,14.7,14.7,101.0,58.0,6.0,3.5,0.0
67.25,4439.541080590753,22.0,2.0,196.0,98.0,0.0,14.7,14.7,101.0,58.0,6.0,3.5,0.0
67.3,4363.240499081601,22.0,2.0,196.0,98.0,0.0,14.7,14.7,101.0,58.0,6.0,3.5,0.0
67.35000000000001,4273.279356327833,22.0,2.0,196.0,98.0,0.0,14.7,14.7,101.0,58.0,6.0,3.5,0.0
67.4,4412.71762831552,22.0,2.0,196.0,98.0,0.0,14.7,14.7,101.0,58.0,6.0,3.5,0.0
67.45,4449.812866039654,22.0,2.0,196.0,98.0,0.0,14.7,14.7,101.0,58.0,6.0,3.5,0.0
67.5,4438.911501336433,22.0,2.0,196.0,98.0,0.0,14.7,14.7,101.0,58.0,6.0,3.5,0.0
67.55,4363.294738523348,22.0,2.0,196.0,98.0,0.0,14.7,14.7,101.0,58.0,6.0,3.5,0.0
67.60000000000001,4370.563250478227,22.0,2.0,196.0,98.0,0.0,14.7,14.7,101.0,58.0,6.0,3.5,0.0
67.65,4372.3899857282995,22.0,2.0,196.0,98.0,0.0,14.7,14.7,101.0,58.0,6.0,3.5,0.0
67.7,4272.632973434801,22.0,2.0,196.0,98.0,0.0,14.7,14.7,101.0,58.0,6.0,3.5,0.0
67.75,4299.496114407144,22.0,2.0,196.0,98.0,0.0,14.7,14.7,101.0,58.0,6.0,3.5,0.0
67.8,4279.266055312254,22.0,2.0,196.0,98.0,0.0,14.7,14.7,101.0,58.0,6.0,3.5,0.0
67.85000000000001,4343.935861920083,22.0,2.0,196.0,98.0,0.0,14.7,14.7,101.0,58.0,6.0,3.5,0.0
67.9,4227.778366218347,22.0,2.0,196.0,98.0,0.0,14.7,14.7,101.0,58.0,6.0,3.5,0.0
67.95,4287.319297091274,22.0,2.0,196.0,98.0,0.0,14.7,14.7,101.0,58.0,6.0,3.5,0.0
68.0,4193.124207137383,22.0,2.0,196.0,98.0,0.0,14.7,14.7,101.0,58.0,6.0,3.5,0.0
68.05,4091.110670789295,22.0,2.0,196.0,98.0,0.0,14.7,14.7,101.0,58.0,6.0,3.5,0.0
68.10000000000001,4210.025276392822,22.0,2.0,196.0,98.0,0.0,14.7,14.7,101.0,58.0,6.0,3.5,0.0
68.15,4043.187629847541,22.0,2.0,196.0,98.0,0.0,14.7,14.7,101.0,58.0,6.0,3.5,0.0
68.2,4065.210556485455,22.0,2.0,196.0,98.0,0.0,14.7,14.7,101.0,58.0,6.0,3.5,0.0
68.25,4064.8634107504013,22.0,2.0,196.0,98.0,0.0,14.7,14.7,101.0,58.0,6.0,3.5,0.0
68.3,3929.1190998359143,22.0,2.0,196.0,98.0,0.0,14.7,14.7,101.0,58.0,6.0,3.5,0.0
68.35000000000001,3853.041518260898,22.0,2.0,196.0,98.0,0.0,14.7,14.7,101.0,58.0,6.0,3.5,0.0
68.4,3893.5668269200505,22.0,2.0,196.0,98.0,0.0,14.7,14.7,101.0,58.0,6.0,3.5,0.0
68.45,3802.212502449031,22.0,2.0,196.0,98.0,0.0,14.7,14.7,101.0,58.0,6.0,3.5,0.0
68.5,3696.2460691222673,22.0,2.0,196.0,98.0,0.0,14.7,14.7,101.0,58.0,6.0,3.5,0.0
68.55,3645.992891419256,23.319088454791633,3.3190884547916326,196.0,98.0,0.0,14.7,14.7,101.0,58.0,6.0,3.5,0.0
68.60000000000001,3615.7970661081445,27.126914233270725,7.126914233270725,196.0,98.0,0.0,14.7,14.7,101.0,58.0,6.0,3.5,0.0
68.65,3610.4134334719115,31.023305517008417,11.023305517008417,196.0,98.0,0.0,14.7,14.7,101.0,58.0,6.0,3.5,0.0
68.7,3499.254064399056,35.00021329678344,15.000213296783443,196.0,98.0,0.0,14.7,14.7,101.0,58.0,6.0,3.5,0.0
68.75,3474.3059402323734,39.04942223561663,19.049422235616632,196.0,98.0,0.0,14.7,14.7,101.0,58.0,6.0,3.5,0.0
68.8,3450.2200654956428,43.16256763968775,23.16256763968775,196.0,98.0,0.0,14.7,14.7,101.0,58.0,6.0,3.5,0.0
68.85000000000001,3369.5671892757628,47.33115273778469,27.33115273778469,196.0,98.0,0.0,14.7,14.7,101.0,58.0,6.0,3.5,0.0
68.9,3309.760932992231,51.5465662335929,31.5465662335929,196.0,98.0,0.0,14.7,14.7,101.0,58.0,6.0,3.5,0.0
68.95,3233.8889417271043,55.800100094569345,35.800100094569345,196.0,98.0,0.0,14.7,14.7,101.0,58.0,6.0,3.5,0.0
69.0,3051.61394282991,60.08296754064385,40.08296754064385,196.0,98.0,0.0,14.7,14.7,101.0,58.0,6.0,3.5,0.0
69.05,3095.3040142598115,64.38632119560039,44.38632119560039,196.0,98.0,0.0,14.7,14.7,101.0,58.0,6.0,3.5,0.0
69.10000000000001,2989.1509796355044,68.70127136363229,48.70127136363229,196.0,98.0,0.0,14.7,14.7,101.0,58.0,6.0,3.5,0.0
69.15,2899.952458055656,73.0189043933201,53.0189043933201,196.0,98.0,0.0,14.7,14.7,101.0,58.0,6.0,3.5,0.0
69.2,2789.8624910624144,77.33030109109545,57.33030109109545,196.0,98.0,0.0,14.7,14.7,101.0,58.0,6.0,3.5,0.0
69.25,2697.5153194800864,81.62655514615696,61.62655514615696,196.0,98.0,0.0,12.8,12.8,101.0,58.0,6.0,0.0,0.0
69.3,2644.0726458720756,85.89879152876665,65.89879152876665,196.0,98.0,0.0,12.8,12.8,101.0,58.0,6.0,0.0,0.0
69.35000000000001,2614.824257399423,90.1381848239341,70.1381848239341,196.0,98.0,0.0,12.8,12.8,101.0,58.0,6.0,0.0,0.0
69.4,2495.666376266452,94.33597746260486,74.33597746260486,196.0,98.0,0.0,12.8,12.8,101.0,58.0,6.0,0.0,0.0
69.45,2436.9388620054915,98.48349781269562,78.48349781269562,196.0,98.0,0.0,12.8,12.8,101.0,58.0,6.0,0.0,0.0
69.5,2371.9024414382466,102.57217809260743,82.57217809260743,196.0,98.0,0.0,12.8,12.8,101.0,58.0,6.0,0.0,0.0
69.55,2350.3582434682176,106.5935720702022,86.5935720702022,196.0,158.0,0.0,12.3,11.6,101.0,44.0,17.0,0.0,0.0
69.60000000000001,2239.2761899887423,110.53937251069375,90.53937251069375,196.0,158.0,0.0,12.3,11.6,101.0,44.0,17.0,0.0,0.0
69.65,2173.0024703866948,114.40142833740043,94.40142833740043,196.0,158.0,0.0,12.3,11.6,101.0,44.0,17.0,0.0,0.0
69.7,2160.1173242781933,118.17176146991318,98.17176146991318,196.0,158.0,0.0,12.3,11.6,101.0,44.0,17.0,0.0,0.0
69.75,2023.0294944009447,121.84258330489428,100.0,196.0,158.0,0.0,12.3,11.6,101.0,44.0,17.0,0.0,0.0
69.8,1989.3464689380532,125.4063108054648,100.0,196.0,158.0,0.0,12.3,11.6,101.0,44.0,17.0,0.0,0.0
69.85000000000001,1853.3732017496739,128.85558216593535,100.0,196.0,158.0,0.0,12.3,11.6,101.0,44.0,17.0,0.0,0.0
69.9,1840.013168592755,132.1832720195321,100.0,196.0,158.0,0.0,12.3,11.6,101.0,44.0,17.0,0.0,0.0
69.95,1763.805777884455,135.3825061576936,100.0,196.0,158.0,0.0,12.3,11.6,101.0,44.0,17.0,0.0,0.0
70.0,1699.312734852497,138.44667573053562,100.0,196.0,158.0,0.0,12.3,11.6,101.0,44.0,17.0,0.0,0.0
70.05,1608.11255543218,141.36945089915045,100.0,196.0,158.0,0.0,12.3,11.6,101.0,44.0,17.0,0.0,0.0
70.10000000000001,1521.30376853738,144.14479391153222,100.0,196.0,158.0,0.0,12.3,11.6,101.0,44.0,17.0,0.0,0.0
70.15,1487.6932921850412,146.76697157512515,100.0,196.0,158.0,0.0,12.3,11.6,101.0,44.0,17.0,0.0,0.0
70.2,1419.5818434230391,149.23056710022303,100.0,196.0,158.0,0.0,12.3,11.6,101.0,44.0,17.0,0.0,0.0
70.25,1419.8325343816286,151.5304912897566,100.0,196.0,158.0,2.0,12.3,11.6,101.0,44.0,17.0,0.0,0.0
70.3,1356.6664321367953,153.6619930523529,100.0,196.0,158.0,2.0,12.3,11.6,101.0,44.0,17.0,0.0,0.0
70.35000000000001,1215.8685693757334,155.62066921695111,100.0,196.0,158.0,2.0,12.3,11.6,101.0,44.0,17.0,0.0,0.0
70.4,1234.4749476363681,157.40247362869513,100.0,196.0,158.0,2.0,12.3,11.6,101.0,44.0,17.0,0.0,0.0
70.45,1137.5303319741438,159.0037255073197,100.0,196.0,158.0,2.0,12.3,11.6,101.0,44.0,17.0,0.0,0.0
70.5,1124.4008339222128,160.42111705075877,100.0,196.0,158.0,2.0,12.3,11.6,101.0,44.0,17.0,0.0,0.0
70.55,1038.1679574859706,161.65172026827062,100.0,196.0,158.0,2.0,12.3,11.6,101.0,44.0,17.0,0.0,0.0
70.60000000000001,952.0795092251618,162.69299302896394,100.0,196.0,158.0,2.0,12.3,11.6,101.0,44.0,17.0,0.0,0.0
70.65,1007.3233268091444,163.54278431323024,100.0,196.0,158.0,2.0,12.3,11.6,101.0,44.0,17.0,0.0,0.0
70.7,942.7548160991006,164.1993386562337,100.0,196.0,158.0,2.0,12.3,11.6,101.0,44.0,17.0,0.0,0.0
70.75,900.0,164.66129977428113,100.0,196.0,158.0,2.0,12.3,11.6,101.0,44.0,17.0,0.0,0.0
70.8,900.0,164.92771336657745,100.0,196.0,158.0,2.0,12.3,11.6,101.0,44.0,17.0,0.0,0.0
70.85000000000001,900.0,164.9980290865826,100.0,196.0,158.0,2.0,12.3,11.6,101.0,44.0,17.0,0.0,0.0
70.9,900.0,164.8721016788955,100.0,196.0,158.0,2.0,12.3,11.6,101.0,44.0,17.0,0.0,0.0
70.95,900.0,164.55019127931664,100.0,196.0,158.0,2.0,12.3,11.6,101.0,44.0,17.0,0.0,0.0
71.0,900.0,164.03296287747017,100.0,196.0,158.0,2.0,12.3,11.6,101.0,44.0,17.0,0.0,0.0
71.05,900.0,163.32148494309467,100.0,196.0,158.0,2.0,12.3,11.6,101.0,44.0,17.0,0.0,0.0
71.10000000000001,900.0,162.4172272188414,100.0,196.0,158.0,2.0,12.3,11.6,101.0,44.0,17.0,0.0,0.0
71.15,900.0,161.3220576841384,100.0,196.0,158.0,2.0,12.3,11.6,101.0,44.0,17.0,0.0,0.0
71.2,900.0,160.03823869639365,100.0,196.0,158.0,2.0,12.3,11.6,101.0,44.0,17.0,0.0,0.0
71.25,900.0,158.56842231750795,100.0,196.0,158.0,2.0,12.3,11.6,101.0,44.0,17.0,0.0,0.0
71.3,900.0,156.91564483534972,100.0,196.0,158.0,2.0,12.3,11.6,101.0,44.0,17.0,0.0,0.0
71.35000000000001,900.0,155.08332049151576,100.0,196.0,158.0,2.0,12.3,11.6,101.0,44.0,17.0,0.0,0.0
71.4,900.0,153.07523442832564,100.0,196.0,158.0,2.0,12.3,11.6,101.0,44.0,17.0,0.0,0.0
71.45,900.0,150.8955348696269,100.0,196.0,158.0,2.0,12.3,11.6,101.0,44.0,17.0,0.0,0.0
71.5,900.0,148.54872455155981,100.0,196.0,158.0,0.0,12.3,11.6,101.0,44.0,17.0,0.0,0.0
71.55,900.0,146.03965142098548,100.0,196.0,158.0,0.0,12.3,11.6,101.0,44.0,17.0,0.0,0.0
71.60000000000001,900.0,143.373498620791,100.0,196.0,158.0,0.0,12.3,11.6,101.0,44.0,17.0,0.0,0.0
71.65,900.0,140.5557737827604,100.0,196.0,158.0,0.0,12.3,11.6,101.0,44.0,17.0,0.0,0.0
71.7,900.0,137.59229765012918,100.0,196.0,158.0,0.0,12.3,11.6,101.0,44.0,17.0,0.0,0.0
71.75,900.0,134.48919205332584,100.0,196.0,158.0,0.0,12.3,11.6,101.0,44.0,17.0,0.0,0.0
71.8,900.0,131.25286726374054,100.0,196.0,158.0,0.0,12.3,11.6,101.0,44.0,17.0,0.0,0.0
71.85000000000001,900.0,127.89000875163879,100.0,196.0,158.0,0.0,12.3,11.6,101.0,44.0,17.0,0.0,0.0
71.9,900.0,124.40756337559066,100.0,196.0,158.0,0.0,12.3,11.6,101.0,44.0,17.0,0.0,0.0
71.95,900.0,120.81272503192407,100.0,196.0,158.0,0.0,12.3,11.6,101.0,44.0,17.0,0.0,0.0
72.0,900.0,117.11291979386286,97.11291979386286,196.0,158.0,0.0,12.3,11.6,101.0,44.0,17.0,0.0,0.0
72.05,900.0,113.31579057104155,93.31579057104155,196.0,158.0,0.0,12.3,11.6,101.0,44.0,17.0,0.0,0.0
72.10000000000001,900.0,109.42918132108855,89.42918132108855,196.0,158.0,0.0,12.3,11.6,101.0,44.0,17.0,0.0,0.0
72.15,900.0,105.4611208458923,85.4611208458923,196.0,158.0,0.0,12.3,11.6,101.0,44.0,17.0,0.0,0.0
72.2,916.6458999485566,101.41980620602354,81.41980620602354,196.0,98.0,0.0,12.8,12.8,101.0,58.0,6.0,0.0,0.0
72.25,939.061531778653,97.31358578757559,77.31358578757559,196.0,98.0,0.0,12.8,12.8,101.0,58.0,6.0,0.0,0.0
72.3,935.5210354483216,93.15094205640229,73.15094205640229,196.0,98.0,0.0,12.8,12.8,101.0,58.0,6.0,0.0,0.0
72.35000000000001,1074.2939439317834,88.94047403538077,68.94047403538077,196.0,98.0,0.0,12.8,12.8,101.0,58.0,6.0,0.0,0.0
72.4,1081.0375592207429,84.6908795408888,64.6908795408888,196.0,98.0,0.0,12.8,12.8,101.0,58.0,6.0,0.0,0.0
72.45,1113.4369652179362,80.41093721521155,60.41093721521155,196.0,98.0,0.0,12.8,12.8,101.0,58.0,6.0,0.0,0.0
72.5,1193.3562293569564,76.10948839196834,56.10948839196834,196.0,98.0,0.0,14.7,14.7,101.0,58.0,6.0,3.5,0.0
72.55,1196.6710790939965,71.79541883204074,51.79541883204074,196.0,98.0,0.0,14.7,14.7,101.0,58.0,6.0,3.5,0.0
72.60000000000001,1348.4005056711394,67.47764036772315,47.477640367723154,196.0,98.0,0.0,14.7,14.7,101.0,58.0,6.0,3.5,0.0
72.65,1338.6453445206357,63.16507249301635,43.16507249301635,196.0,98.0,0.0,14.7,14.7,101.0,58.0,6.0,3.5,0.0
72.7,1402.6912811279822,58.866623938093525,38.866623938093525,196.0,98.0,0.0,14.7,14.7,101.0,58.0,6.0,3.5,0.0
72.75,1462.0148638008664,54.59117426600194,34.59117426600194,196.0,98.0,0.0,14.7,14.7,101.0,58.0,6.0,3.5,0.0
72.8,1473.2364424174052,50.347555529616926,30.347555529616926,196.0,98.0,0.0,14.7,14.7,101.0,58.0,6.0,3.5,0.0
72.85000000000001,1525.851390042181,46.144534026740324,26.144534026740324,196.0,98.0,0.0,14.7,14.7,101.0,58.0,6.0,3.5,0.0
72.9,1645.9674146954405,41.990792191034544,21.990792191034544,196.0,98.0,0.0,14.7,14.7,101.0,58.0,6.0,3.5,0.0
72.95,1717.1065794942715,37.89491065619331,17.89491065619331,196.0,98.0,0.0,14.7,14.7,101.0,58.0,6.0,3.5,0.0
73.0,1823.7606108359178,33.865350530419704,13.865350530419704,196.0,98.0,0.0,14.7,14.7,101.0,58.0,6.0,3.5,0.0
73.05,1855.9583036803626,29.91043591780206,9.910435917802062,196.0,98.0,0.0,14.7,14.7,101.0,58.0,6.0,3.5,0.0
73.10000000000001,1863.302685068714,26.03833672271419,6.038336722714192,196.0,98.0,0.0,14.7,14.7,101.0,58.0,6.0,3.5,0.0
73.15,1997.7697053966767,22.257051772753712,2.2570517727537123,196.0,98.0,0.0,14.7,14.7,101.0,58.0,6.0,3.5,0.0
73.2,2080.43048467958,22.0,2.0,196.0,98.0,0.0,14.7,14.7,101.0,58.0,6.0,3.5,0.0
73.25,2158.7433642127644,22.0,2.0,196.0,98.0,0.0,14.7,14.7,101.0,58.0,6.0,3.5,0.0
73.3,2203.81724985639,22.0,2.0,196.0,98.0,0.0,14.7,14.7,101.0,58.0,6.0,3.5,0.0
73.35000000000001,2213.912799973534,22.0,2.0,196.0,98.0,0.0,14.7,14.7,101.0,58.0,6.0,3.5,0.0
73.4,2381.8918128691244,22.0,2.0,196.0,98.0,0.0,14.7,14.7,101.0,58.0,6.0,3.5,0.0
73.45,2379.0619394373475,22.0,2.0,196.0,98.0,0.0,14.7,14.7,101.0,58.0,6.0,3.5,0.0
73.5,2504.33062298279,22.0,2.0,196.0,98.0,0.0,14.7,14.7,101.0,58.0,6.0,3.5,0.0
73.55,2491.52768383932,22.0,2.0,196.0,98.0,0.0,14.7,14.7,101.0,58.0,6.0,3.5,0.0
73.60000000000001,2658.0251787314883,22.0,2.0,196.0,98.0,0.0,14.7,14.7,101.0,58.0,6.0,3.5,0.0
73.65,2668.837351934563,22.0,2.0,196.0,98.0,0.0,14.7,14.7,101.0,58.0,6.0,3.5,0.0
73.7,2816.0406450460755,22.0,2.0,196.0,98.0,0.0,14.7,14.7,101.0,58.0,6.0,3.5,0.0
73.75,2915.408207919565,22.0,2.0,196.0,98.0,0.0,14.7,14.7,101.0,58.0,6.0,3.5,0.0
73.8,2963.21801591888,22.0,2.0,196.0,98.0,0.0,14.7,14.7,101.0,58.0,6.0,3.5,0.0
73.85000000000001,2940.6853172830265,22.0,2.0,196.0,98.0,0.0,14.7,14.7,101.0,58.0,6.0,3.5,0.0
73.9,3019.8906448794273,22.0,2.0,196.0,98.0,0.0,14.7,14.7,101.0,58.0,6.0,3.5,0.0
73.95,3092.2572889651465,22.0,2.0,196.0,98.0,0.0,14.7,14.7,101.0,58.0,6.0,3.5,0.0
74.0,3222.090618675012,22.0,2.0,196.0,98.0,0.0,14.7,14.7,101.0,58.0,6.0,3.5,0.0
74.05,3276.8852002637905,22.0,2.0,196.0,98.0,0.0,14.7,14.7,101.0,58.0,6.0,3.5,0.0
74.10000000000001,3335.748368373594,22.0,2.0,196.0,98.0,0.0,14.7,14.7,101.0,58.0,6.0,3.5,0.0
74.15,3406.9079719137003,22.0,2.0,196.0,98.0,0.0,14.7,14.7,101.0,58.0,6.0,3.5,0.0
74.2,3481.523756349464,22.0,2.0,196.0,98.0,0.0,14.7,14.7,101.0,58.0,6.0,3.5,0.0
74.25,3546.7718262863655,22.0,2.0,196.0,98.0,0.0,14.7,14.7,101.0,58.0,6.0,3.5,0.0
74.3,3649.176019325354,22.0,2.0,196.0,98.0,0.0,14.7,14.7,101.0,58.0,6.0,3.5,0.0
74.35000000000001,3638.6127533051326,22.0,2.0,196.0,98.0,0.0,14.7,14.7,101.0,58.0,6.0,3.5,0.0
74.4,3706.5766309825276,22.0,2.0,196.0,98.0,0.0,14.7,14.7,101.0,58.0,6.0,3.5,0.0
74.45,3679.9995439794793,22.0,2.0,196.0,98.0,0.0,14.7,14.7,101.0,58.0,6.0,3.5,0.0
74.5,3755.2329213979983,22.0,2.0,196.0,98.0,0.0,14.7,14.7,101.0,58.0,6.0,3.5,0.0
74.55,3832.4601316907138,22.0,2.0,196.0,98.0,0.0,14.7,14.7,101.0,58.0,6.0,3.5,0.0
74.60000000000001,3862.7458150454895,22.0,2.0,196.0,98.0,0.0,14.7,14.7,101.0,58.0,6.0,3.5,0.0
74.65,3966.93923287932,22.0,2.0,196.0,98.0,0.0,14.7,14.7,101.0,58.0,6.0,3.5,0.0
74.7,4045.5167559813167,22.0,2.0,196.0,98.0,0.0,14.7,14.7,101.0,58.0,6.0,3.5,0.0
74.75,4029.975146810933,22.0,2.0,196.0,98.0,0.0,14.7,14.7,101.0,58.0,6.0,3.5,0.0
74.8,4069.217029613299,22.0,2.0,196.0,98.0,0.0,14.7,14.7,101.0,58.0,6.0,3.5,0.0
74.85000000000001,4107.06076692456,22.0,2.0,196.0,98.0,0.0,14.7,14.7,101.0,58.0,6.0,3.5,0.0
74.9,4169.253051424193,22.0,2.0,196.0,98.0,0.0,14.7,14.7,101.0,58.0,6.0,3.5,0.0
74.95,4176.25239708782,22.0,2.0,196.0,98.0,0.0,14.7,14.7,101.0,58.0,6.0,3.5,0.0
75.0,4246.637875586902,22.0,2.0,196.0,98.0,0.0,14.7,14.7,101.0,58.0,6.0,3.5,0.0
75.05,4270.570759729742,22.0,2.0,196.0,98.0,0.0,14.7,14.7,101.0,58.0,6.0,3.5,0.0
75.10000000000001,4298.670620959889,22.0,2.0,196.0,98.0,0.0,14.7,14.7,101.0,58.0,6.0,3.5,0.0
75.15,4339.180304846999,22.0,2.0,196.0,98.0,0.0,14.7,14.7,101.0,58.0,6.0,3.5,0.0
75.2,4330.920528234407,22.0,2.0,196.0,98.0,0.0,14.7,14.7,101.0,58.0,6.0,3.5,0.0
75.25,4353.757166761614,22.0,2.0,196.0,98.0,0.0,14.7,14.7,101.0,58.0,6.0,3.5,0.0
75.3,4433.998198337836,22.0,2.0,196.0,98.0,0.0,14.7,14.7,101.0,58.0,6.0,3.5,0.0
75.35000000000001,4374.64173721108,22.0,2.0,196.0,98.0,0.0,14.7,14.7,101.0,58.0,6.0,3.5,0.0
75.4,4418.4722483023315,22.0,2.0,196.0,98.0,0.0,14.7,14.7,101.0,58.0,6.0,3.5,0.0
75.45,4395.998157689149,22.456360145265286,2.456360145265286,196.0,98.0,0.0,14.7,14.7,101.0,58.0,6.0,3.5,0.0
75.5,4379.993623971958,26.242688989199593,6.242688989199593,196.0,98.0,0.0,14.7,14.7,101.0,58.0,6.0,3.5,0.0
75.55,4381.71184082577,30.11940993552517,10.11940993552517,196.0,98.0,0.0,14.7,14.7,101.0,58.0,6.0,3.5,0.0
75.60000000000001,4366.061070389894,34.07851460921558,14.078514609215581,196.0,98.0,0.0,14.7,14.7,101.0,58.0,6.0,3.5,0.0
75.65,4395.4153752972725,38.11182445023524,18.11182445023524,196.0,98.0,0.0,14.7,14.7,101.0,58.0,6.0,3.5,0.0
75.7,4364.050532185848,42.21100760848657,22.211007608486568,196.0,98.0,0.0,14.7,14.7,101.0,58.0,6.0,3.5,0.0
75.75,4361.769275145102,46.36759615540504,26.36759615540504,196.0,98.0,0.0,14.7,14.7,101.0,58.0,6.0,3.5,0.0
75.8,4415.175091771467,50.57300357667218,30.57300357667218,196.0,98.0,0.0,14.7,14.7,101.0,58.0,6.0,3.5,0.0
75.85000000000001,4346.002749041959,54.818542509892126,34.818542509892126,196.0,98.0,0.0,14.7,14.7,101.0,58.0,6.0,3.5,0.0
75.9,4379.158258638283,59.09544269059721,39.09544269059721,196.0,98.0,0.0,14.7,14.7,101.0,58.0,6.0,3.5,0.0
75.95,4323.665990686975,63.3948690695095,43.3948690695095,196.0,98.0,0.0,14.7,14.7,101.0,58.0,6.0,3.5,0.0
76.0,4324.3342284356195,67.70794006363201,47.70794006363201,196.0,98.0,0.0,14.7,14.7,101.0,58.0,6.0,3.5,0.0
76.05,4239.582932677787,72.02574590346758,52.02574590346758,196.0,98.0,0.0,14.7,14.7,101.0,58.0,6.0,3.5,0.0
76.10000000000001,4241.458824079933,76.33936703846425,56.339367038464246,196.0,98.0,0.0,14.7,14.7,101.0,58.0,6.0,3.5,0.0
76.15,4309.975026332068,80.63989256266584,60.639892562665835,196.0,98.0,0.0,12.8,12.8,101.0,58.0,6.0,0.0,0.0
76.2,4204.106702282412,84.91843862250367,64.91843862250367,196.0,98.0,0.0,12.8,12.8,101.0,58.0,6.0,0.0,0.0
76.25,4175.132003282131,89.16616676871124,69.16616676871124,196.0,98.0,0.0,12.8,12.8,101.0,58.0,6.0,0.0,0.0
76.3,4105.892330969639,93.37430221443093,73.37430221443093,196.0,98.0,0.0,12.8,12.8,101.0,58.0,6.0,0.0,0.0
76.35000000000001,4090.0642930327176,97.53415196182308,77.53415196182308,196.0,98.0,0.0,12.8,12.8,101.0,58.0,6.0,0.0,0.0
76.4,3966.179151254576,101.63712275971181,81.63712275971181,196.0,98.0,0.0,12.8,12.8,101.0,58.0,6.0,0.0,0.0
76.45,3933.2896604276043,105.67473885517938,85.67473885517938,196.0,158.0,0.0,12.3,11.6,101.0,44.0,17.0,0.0,0.0
76.5,3936.9764809223884,109.63865950243755,89.63865950243755,196.0,158.0,0.0,12.3,11.6,101.0,44.0,17.0,0.0,0.0
76.55,3903.021173486691,113.5206961928065,93.5206961928065,196.0,158.0,0.0,12.3,11.6,101.0,44.0,17.0,0.0,0.0
76.60000000000001,3802.1796342980083,117.31282957020841,97.31282957020841,196.0,158.0,0.0,12.3,11.6,101.0,44.0,17.0,0.0,0.0
76.65,3757.494894375772,121.0072259972325,100.0,196.0,158.0,0.0,12.3,11.6,101.0,44.0,17.0,0.0,0.0
76.7,3695.0644084491482,124.59625373754962,100.0,196.0,158.0,0.0,12.3,11.6,101.0,44.0,17.0,0.0,0.0
76.75,3644.7710206482025,128.0724987212469,100.0,196.0,158.0,0.0,12.3,11.6,101.0,44.0,17.0,0.0,0.0
76.80000000000001,3545.3053103787624,131.42877986052088,100.0,196.0,158.0,0.0,12.3,11.6,101.0,44.0,17.0,0.0,0.0
76.85000000000001,3475.4317056304726,134.65816388407518,100.0,196.0,158.0,0.0,12.3,11.6,101.0,44.0,17.0,0.0,0.0
76.9,3467.364254577555,137.75397965959888,100.0,196.0,158.0,0.0,12.3,11.6,101.0,44.0,17.0,0.0,0.0
76.95,3337.5815497109056,140.7098319747241,100.0,196.0,158.0,0.0,12.3,11.6,101.0,44.0,17.0,0.0,0.0
77.0,3303.058786594168,143.51961474799947,100.0,196.0,158.0,0.0,12.3,11.6,101.0,44.0,17.0,0.0,0.0
77.05000000000001,3249.6545493238286,146.1775236425891,100.0,196.0,158.0,0.0,12.3,11.6,101.0,44.0,17.0,0.0,0.0
77.10000000000001,3166.659707035334,148.67806805663943,100.0,196.0,158.0,0.0,12.3,11.6,101.0,44.0,17.0,0.0,0.0
77.15,3149.9596570899716,151.01608246554457,100.0,196.0,158.0,2.0,12.3,11.6,101.0,44.0,17.0,0.0,0.0
77.2,3053.2945417324313,153.1867370926808,100.0,196.0,158.0,2.0,12.3,11.6,101.0,44.0,17.0,0.0,0.0
77.25,2997.7605614197614,155.18554788656542,100.0,196.0,158.0,2.0,12.3,11.6,101.0,44.0,17.0,0.0,0.0
77.30000000000001,2889.699871712778,157.0083857838308,100.0,196.0,158.0,2.0,12.3,11.6,101.0,44.0,17.0,0.0,0.0
77.35000000000001,2828.9032075055848,158.65148523888007,100.0,196.0,158.0,2.0,12.3,11.6,101.0,44.0,17.0,0.0,0.0
77.4,2807.027928970433,160.11145200259762,100.0,196.0,158.0,2.0,12.3,11.6,101.0,44.0,17.0,0.0,0.0
77.45,2728.584574966871,161.3852701340549,100.0,196.0,158.0,2.0,12.3,11.6,101.0,44.0,17.0,0.0,0.0
77.5,2622.6636695992383,162.47030823072052,100.0,196.0,158.0,2.0,12.3,11.6,101.0,44.0,17.0,0.0,0.0
77.55000000000001,2582.82221068228,163.36432486430581,100.0,196.0,158.0,2.0,12.3,11.6,101.0,44.0,17.0,0.0,0.0
77.60000000000001,2502.673793438248,164.06547321101806,100.0,196.0,158.0,2.0,12.3,11.6,101.0,44.0,17.0,0.0,0.0
77.65,2428.451401488635,164.57230486665497,100.0,196.0,158.0,2.0,12.3,11.6,101.0,44.0,17.0,0.0,0.0
77.7,2412.8865655752998,164.88377283866024,100.0,196.0,158.0,2.0,12.3,11.6,101.0,44.0,17.0,0.0,0.0
77.75,2260.3086111615485,164.9992337089589,100.0,196.0,158.0,2.0,12.3,11.6,101.0,44.0,17.0,0.0,0.0
77.80000000000001,2220.694113293558,164.91844896310462,100.0,196.0,158.0,2.0,12.3,11.6,101.0,44.0,17.0,0.0,0.0
77.85000000000001,2148.790524782305,164.64158548299332,100.0,196.0,158.0,2.0,12.3,11.6,101.0,44.0,17.0,0.0,0.0
77.9,2051.1260963478903,164.169215202125,100.0,196.0,158.0,2.0,12.3,11.6,101.0,44.0,17.0,0.0,0.0
77.95,1943.0999058661257,163.50231392412672,100.0,196.0,158.0,2.0,12.3,11.6,101.0,44.0,17.0,0.0,0.0
78.0,1947.283969340731,162.64225930697646,100.0,196.0,158.0,2.0,12.3,11.6,101.0,44.0,17.0,0.0,0.0
78.05000000000001,1860.931561792169,161.59082801709218,100.0,196.0,158.0,2.0,12.3,11.6,101.0,44.0,17.0,0.0,0.0
78.10000000000001,1784.2066895613634,160.35019205916558,100.0,196.0,158.0,2.0,12.3,11.6,101.0,44.0,17.0,0.0,0.0
78.15,1715.9746210309875,158.92291428932177,100.0,196.0,158.0,2.0,12.3,11.6,101.0,44.0,17.0,0.0,0.0
78.2,1649.875189871583,157.31194312087342,100.0,196.0,158.0,2.0,12.3,11.6,101.0,44.0,17.0,0.0,0.0
78.25,1548.496967979253,155.52060643360664,100.0,196.0,158.0,2.0,12.3,11.6,101.0,44.0,17.0,0.0,0.0
78.30000000000001,1532.5272524041573,153.55260469918005,100.0,196.0,158.0,2.0,12.3,11.6,101.0,44.0,17.0,0.0,0.0
78.35000000000001,1386.7505706039647,151.41200333683844,100.0,196.0,158.0,2.0,12.3,11.6,101.0,44.0,17.0,0.0,0.0
78.4,1397.3895365158417,149.1032243152332,100.0,196.0,158.0,0.0,12.3,11.6,101.0,44.0,17.0,0.0,0.0
78.45,1279.7740267731358,146.6310370176933,100.0,196.0,158.0,0.0,12.3,11.6,101.0,44.0,17.0,0.0,0.0
78.5,1268.4473721547713,144.00054838982842,100.0,196.0,158.0,0.0,12.3,11.6,101.0,44.0,17.0,0.0,0.0
78.55000000000001,1255.8488928037061,141.21719238980234,100.0,196.0,158.0,0.0,12.3,11.6,101.0,44.0,17.0,0.0,0.0
78.60000000000001,1163.454702645857,138.28671876308002,100.0,196.0,158.0,0.0,12.3,11.6,101.0,44.0,17.0,0.0,0.0
78.65,1103.189097320341,135.21518116483367,100.0,196.0,158.0,0.0,12.3,11.6,101.0,44.0,17.0,0.0,0.0
78.7,1093.504560809162,132.00892465454402,100.0,196.0,158.0,0.0,12.3,11.6,101.0,44.0,17.0,0.0,0.0
78.75,1014.8854798189867,128.67457258863024,100.0,196.0,158.0,0.0,12.3,11.6,101.0,44.0,17.0,0.0,0.0
78.80000000000001,964.2192124913751,125.21901293818536,100.0,196.0,158.0,0.0,12.3,11.6,101.0,44.0,17.0,0.0,0.0
78.85000000000001,921.9292762246135,121.6493840600811,100.0,196.0,158.0,0.0,12.3,11.6,101.0,44.0,17.0,0.0,0.0
78.9,957.5711990179113,117.9730599508359,97.9730599508359,196.0,158.0,0.0,12.3,11.6,101.0,44.0,17.0,0.0,0.0
78.95,900.0,114.19763501370903,94.19763501370903,196.0,158.0,0.0,12.3,11.6,101.0,44.0,17.0,0.0,0.0
79.0,900.0,110.33090837048152,90.33090837048152,196.0,158.0,0.0,12.3,11.6,101.0,44.0,17.0,0.0,0.0
79.05000000000001,900.0,106.38086775034952,86.38086775034952,196.0,158.0,0.0,12.3,11.6,101.0,44.0,17.0,0.0,0.0
79.10000000000001,900.0,102.35567298918812,82.35567298918812,196.0,98.0,0.0,12.8,12.8,101.0,58.0,6.0,0.0,0.0
79.15,900.0,98.26363917329013,78.26363917329013,196.0,98.0,0.0,12.8,12.8,101.0,58.0,6.0,0.0,0.0
79.2,900.0,94.11321946239345,74.11321946239345,196.0,98.0,0.0,12.8,12.8,101.0,58.0,6.0,0.0,0.0
79.25,900.0,89.91298762748188,69.91298762748188,196.0,98.0,0.0,12.8,12.8,101.0,58.0,6.0,0.0,0.0
79.30000000000001,900.0,85.67162033943211,65.67162033943211,196.0,98.0,0.0,12.8,12.8,101.0,58.0,6.0,0.0,0.0
79.35000000000001,900.0,81.39787924509406,61.39787924509406,196.0,98.0,0.0,12.8,12.8,101.0,58.0,6.0,0.0,0.0
79.4,900.0,77.1005928678315,57.100592867831494,196.0,98.0,0.0,14.7,14.7,101.0,58.0,6.0,3.5,0.0
79.45,900.0,72.78863836991157,52.78863836991157,196.0,98.0,0.0,14.7,14.7,101.0,58.0,6.0,3.5,0.0
79.5,900.0,68.47092321441961,48.470923214419614,196.0,98.0,0.0,14.7,14.7,101.0,58.0,6.0,3.5,0.0
79.55000000000001,900.0,64.15636676457282,44.15636676457282,196.0,98.0,0.0,14.7,14.7,101.0,58.0,6.0,3.5,0.0
79.60000000000001,900.0,59.85388185846471,39.85388185846471,196.0,98.0,0.0,14.7,14.7,101.0,58.0,6.0,3.5,0.0
79.65,900.0,55.57235639727536,35.57235639727536,196.0,98.0,0.0,14.7,14.7,101.0,58.0,6.0,3.5,0.0
79.7,900.0,51.32063498500207,31.320634985002073,196.0,98.0,0.0,14.7,14.7,101.0,58.0,6.0,3.5,0.0
79.75,900.0,47.107500657630396,27.107500657630396,196.0,98.0,0.0,14.7,14.7,101.0,58.0,6.0,3.5,0.0
79.80000000000001,900.0,42.94165673948969,22.941656739489687,196.0,98.0,0.0,14.7,14.7,101.0,58.0,6.0,3.5,0.0
79.85000000000001,900.0,38.83170886427396,18.831708864273963,196.0,98.0,0.0,14.7,14.7,101.0,58.0,6.0,3.5,0.0
79.9,900.0,34.78614719786815,14.786147197868146,196.0,98.0,0.0,14.7,14.7,101.0,58.0,6.0,3.5,0.0
79.95,900.0,30.813328899703016,10.813328899703016,196.0,98.0,0.0,14.7,14.7,101.0,58.0,6.0,3.5,0.0
